seq,log_fitness,n_mut,mutant
MKLLASIEQACDICRLKKLKCSKEKPKCAKCLKNNWECRYSPKTKRSPLTRAHLTEVESRLERLEQLFLLIFPRE,0.19,1,S5A
MKLLCSIEQACDICRLKKLKCSKEKPKCAKCLKNNWECRYSPKTKRSPLTRAHLTEVESRLERLEQLFLLIFPRE,-0.37,1,S5C
MKLLESIEQACDICRLKKLKCSKEKPKCAKCLKNNWECRYSPKTKRSPLTRAHLTEVESRLERLEQLFLLIFPRE,-0.01,1,S5E
MKLLDSIEQACDICRLKKLKCSKEKPKCAKCLKNNWECRYSPKTKRSPLTRAHLTEVESRLERLEQLFLLIFPRE,0.12,1,S5D
MKLLGSIEQACDICRLKKLKCSKEKPKCAKCLKNNWECRYSPKTKRSPLTRAHLTEVESRLERLEQLFLLIFPRE,-3.23,1,S5G
MKLLFSIEQACDICRLKKLKCSKEKPKCAKCLKNNWECRYSPKTKRSPLTRAHLTEVESRLERLEQLFLLIFPRE,-0.15,1,S5F
MKLLISIEQACDICRLKKLKCSKEKPKCAKCLKNNWECRYSPKTKRSPLTRAHLTEVESRLERLEQLFLLIFPRE,0.08,1,S5I
MKLLHSIEQACDICRLKKLKCSKEKPKCAKCLKNNWECRYSPKTKRSPLTRAHLTEVESRLERLEQLFLLIFPRE,-0.71,1,S5H
MKLLKSIEQACDICRLKKLKCSKEKPKCAKCLKNNWECRYSPKTKRSPLTRAHLTEVESRLERLEQLFLLIFPRE,-4.34,1,S5K
MKLLMSIEQACDICRLKKLKCSKEKPKCAKCLKNNWECRYSPKTKRSPLTRAHLTEVESRLERLEQLFLLIFPRE,0.31,1,S5M
MKLLLSIEQACDICRLKKLKCSKEKPKCAKCLKNNWECRYSPKTKRSPLTRAHLTEVESRLERLEQLFLLIFPRE,-0.31,1,S5L
MKLLNSIEQACDICRLKKLKCSKEKPKCAKCLKNNWECRYSPKTKRSPLTRAHLTEVESRLERLEQLFLLIFPRE,-2.05,1,S5N
MKLLQSIEQACDICRLKKLKCSKEKPKCAKCLKNNWECRYSPKTKRSPLTRAHLTEVESRLERLEQLFLLIFPRE,-0.99,1,S5Q
MKLLPSIEQACDICRLKKLKCSKEKPKCAKCLKNNWECRYSPKTKRSPLTRAHLTEVESRLERLEQLFLLIFPRE,-0.89,1,S5P
MKLLRSIEQACDICRLKKLKCSKEKPKCAKCLKNNWECRYSPKTKRSPLTRAHLTEVESRLERLEQLFLLIFPRE,-6.0,1,S5R
MKLLTSIEQACDICRLKKLKCSKEKPKCAKCLKNNWECRYSPKTKRSPLTRAHLTEVESRLERLEQLFLLIFPRE,-1.23,1,S5T
MKLLWSIEQACDICRLKKLKCSKEKPKCAKCLKNNWECRYSPKTKRSPLTRAHLTEVESRLERLEQLFLLIFPRE,-2.46,1,S5W
MKLLVSIEQACDICRLKKLKCSKEKPKCAKCLKNNWECRYSPKTKRSPLTRAHLTEVESRLERLEQLFLLIFPRE,-0.66,1,S5V
MKLLYSIEQACDICRLKKLKCSKEKPKCAKCLKNNWECRYSPKTKRSPLTRAHLTEVESRLERLEQLFLLIFPRE,-0.81,1,S5Y
MKLLSAIEQACDICRLKKLKCSKEKPKCAKCLKNNWECRYSPKTKRSPLTRAHLTEVESRLERLEQLFLLIFPRE,-0.91,1,S6A
MKLLSCIEQACDICRLKKLKCSKEKPKCAKCLKNNWECRYSPKTKRSPLTRAHLTEVESRLERLEQLFLLIFPRE,-0.65,1,S6C
MKLLSEIEQACDICRLKKLKCSKEKPKCAKCLKNNWECRYSPKTKRSPLTRAHLTEVESRLERLEQLFLLIFPRE,-1.68,1,S6E
MKLLSDIEQACDICRLKKLKCSKEKPKCAKCLKNNWECRYSPKTKRSPLTRAHLTEVESRLERLEQLFLLIFPRE,0.21,1,S6D
MKLLSGIEQACDICRLKKLKCSKEKPKCAKCLKNNWECRYSPKTKRSPLTRAHLTEVESRLERLEQLFLLIFPRE,-1.24,1,S6G
MKLLSFIEQACDICRLKKLKCSKEKPKCAKCLKNNWECRYSPKTKRSPLTRAHLTEVESRLERLEQLFLLIFPRE,-2.8,1,S6F
MKLLSIIEQACDICRLKKLKCSKEKPKCAKCLKNNWECRYSPKTKRSPLTRAHLTEVESRLERLEQLFLLIFPRE,-1.11,1,S6I
MKLLSHIEQACDICRLKKLKCSKEKPKCAKCLKNNWECRYSPKTKRSPLTRAHLTEVESRLERLEQLFLLIFPRE,-0.12,1,S6H
MKLLSKIEQACDICRLKKLKCSKEKPKCAKCLKNNWECRYSPKTKRSPLTRAHLTEVESRLERLEQLFLLIFPRE,-2.4,1,S6K
MKLLSMIEQACDICRLKKLKCSKEKPKCAKCLKNNWECRYSPKTKRSPLTRAHLTEVESRLERLEQLFLLIFPRE,-1.15,1,S6M
MKLLSLIEQACDICRLKKLKCSKEKPKCAKCLKNNWECRYSPKTKRSPLTRAHLTEVESRLERLEQLFLLIFPRE,-0.98,1,S6L
MKLLSNIEQACDICRLKKLKCSKEKPKCAKCLKNNWECRYSPKTKRSPLTRAHLTEVESRLERLEQLFLLIFPRE,-2.04,1,S6N
MKLLSQIEQACDICRLKKLKCSKEKPKCAKCLKNNWECRYSPKTKRSPLTRAHLTEVESRLERLEQLFLLIFPRE,-1.25,1,S6Q
MKLLSPIEQACDICRLKKLKCSKEKPKCAKCLKNNWECRYSPKTKRSPLTRAHLTEVESRLERLEQLFLLIFPRE,-0.92,1,S6P
MKLLSRIEQACDICRLKKLKCSKEKPKCAKCLKNNWECRYSPKTKRSPLTRAHLTEVESRLERLEQLFLLIFPRE,-1.19,1,S6R
MKLLSTIEQACDICRLKKLKCSKEKPKCAKCLKNNWECRYSPKTKRSPLTRAHLTEVESRLERLEQLFLLIFPRE,-1.97,1,S6T
MKLLSWIEQACDICRLKKLKCSKEKPKCAKCLKNNWECRYSPKTKRSPLTRAHLTEVESRLERLEQLFLLIFPRE,-8.08,1,S6W
MKLLSVIEQACDICRLKKLKCSKEKPKCAKCLKNNWECRYSPKTKRSPLTRAHLTEVESRLERLEQLFLLIFPRE,-1.47,1,S6V
MKLLSYIEQACDICRLKKLKCSKEKPKCAKCLKNNWECRYSPKTKRSPLTRAHLTEVESRLERLEQLFLLIFPRE,-1.69,1,S6Y
MKLLSSAEQACDICRLKKLKCSKEKPKCAKCLKNNWECRYSPKTKRSPLTRAHLTEVESRLERLEQLFLLIFPRE,-1.1,1,I7A
MKLLSSCEQACDICRLKKLKCSKEKPKCAKCLKNNWECRYSPKTKRSPLTRAHLTEVESRLERLEQLFLLIFPRE,-0.24,1,I7C
MKLLSSEEQACDICRLKKLKCSKEKPKCAKCLKNNWECRYSPKTKRSPLTRAHLTEVESRLERLEQLFLLIFPRE,-3.18,1,I7E
MKLLSSDEQACDICRLKKLKCSKEKPKCAKCLKNNWECRYSPKTKRSPLTRAHLTEVESRLERLEQLFLLIFPRE,-4.55,1,I7D
MKLLSSGEQACDICRLKKLKCSKEKPKCAKCLKNNWECRYSPKTKRSPLTRAHLTEVESRLERLEQLFLLIFPRE,-1.54,1,I7G
MKLLSSFEQACDICRLKKLKCSKEKPKCAKCLKNNWECRYSPKTKRSPLTRAHLTEVESRLERLEQLFLLIFPRE,-0.24,1,I7F
MKLLSSHEQACDICRLKKLKCSKEKPKCAKCLKNNWECRYSPKTKRSPLTRAHLTEVESRLERLEQLFLLIFPRE,-1.15,1,I7H
MKLLSSKEQACDICRLKKLKCSKEKPKCAKCLKNNWECRYSPKTKRSPLTRAHLTEVESRLERLEQLFLLIFPRE,-2.87,1,I7K
MKLLSSMEQACDICRLKKLKCSKEKPKCAKCLKNNWECRYSPKTKRSPLTRAHLTEVESRLERLEQLFLLIFPRE,0.06,1,I7M
MKLLSSLEQACDICRLKKLKCSKEKPKCAKCLKNNWECRYSPKTKRSPLTRAHLTEVESRLERLEQLFLLIFPRE,-1.76,1,I7L
MKLLSSNEQACDICRLKKLKCSKEKPKCAKCLKNNWECRYSPKTKRSPLTRAHLTEVESRLERLEQLFLLIFPRE,-1.64,1,I7N
MKLLSSQEQACDICRLKKLKCSKEKPKCAKCLKNNWECRYSPKTKRSPLTRAHLTEVESRLERLEQLFLLIFPRE,0.02,1,I7Q
MKLLSSPEQACDICRLKKLKCSKEKPKCAKCLKNNWECRYSPKTKRSPLTRAHLTEVESRLERLEQLFLLIFPRE,-0.35,1,I7P
MKLLSSSEQACDICRLKKLKCSKEKPKCAKCLKNNWECRYSPKTKRSPLTRAHLTEVESRLERLEQLFLLIFPRE,-0.55,1,I7S
MKLLSSREQACDICRLKKLKCSKEKPKCAKCLKNNWECRYSPKTKRSPLTRAHLTEVESRLERLEQLFLLIFPRE,-6.44,1,I7R
MKLLSSTEQACDICRLKKLKCSKEKPKCAKCLKNNWECRYSPKTKRSPLTRAHLTEVESRLERLEQLFLLIFPRE,-0.54,1,I7T
MKLLSSWEQACDICRLKKLKCSKEKPKCAKCLKNNWECRYSPKTKRSPLTRAHLTEVESRLERLEQLFLLIFPRE,-3.62,1,I7W
MKLLSSVEQACDICRLKKLKCSKEKPKCAKCLKNNWECRYSPKTKRSPLTRAHLTEVESRLERLEQLFLLIFPRE,-1.33,1,I7V
MKLLSSYEQACDICRLKKLKCSKEKPKCAKCLKNNWECRYSPKTKRSPLTRAHLTEVESRLERLEQLFLLIFPRE,-0.81,1,I7Y
MKLLSSIAQACDICRLKKLKCSKEKPKCAKCLKNNWECRYSPKTKRSPLTRAHLTEVESRLERLEQLFLLIFPRE,-2.55,1,E8A
MKLLSSICQACDICRLKKLKCSKEKPKCAKCLKNNWECRYSPKTKRSPLTRAHLTEVESRLERLEQLFLLIFPRE,-0.74,1,E8C
MKLLSSIDQACDICRLKKLKCSKEKPKCAKCLKNNWECRYSPKTKRSPLTRAHLTEVESRLERLEQLFLLIFPRE,-1.23,1,E8D
MKLLSSIGQACDICRLKKLKCSKEKPKCAKCLKNNWECRYSPKTKRSPLTRAHLTEVESRLERLEQLFLLIFPRE,-1.85,1,E8G
MKLLSSIFQACDICRLKKLKCSKEKPKCAKCLKNNWECRYSPKTKRSPLTRAHLTEVESRLERLEQLFLLIFPRE,0.09,1,E8F
MKLLSSIIQACDICRLKKLKCSKEKPKCAKCLKNNWECRYSPKTKRSPLTRAHLTEVESRLERLEQLFLLIFPRE,-1.61,1,E8I
MKLLSSIHQACDICRLKKLKCSKEKPKCAKCLKNNWECRYSPKTKRSPLTRAHLTEVESRLERLEQLFLLIFPRE,-3.53,1,E8H
MKLLSSIKQACDICRLKKLKCSKEKPKCAKCLKNNWECRYSPKTKRSPLTRAHLTEVESRLERLEQLFLLIFPRE,-3.25,1,E8K
MKLLSSIMQACDICRLKKLKCSKEKPKCAKCLKNNWECRYSPKTKRSPLTRAHLTEVESRLERLEQLFLLIFPRE,-1.45,1,E8M
MKLLSSILQACDICRLKKLKCSKEKPKCAKCLKNNWECRYSPKTKRSPLTRAHLTEVESRLERLEQLFLLIFPRE,-0.35,1,E8L
MKLLSSINQACDICRLKKLKCSKEKPKCAKCLKNNWECRYSPKTKRSPLTRAHLTEVESRLERLEQLFLLIFPRE,-1.04,1,E8N
MKLLSSIQQACDICRLKKLKCSKEKPKCAKCLKNNWECRYSPKTKRSPLTRAHLTEVESRLERLEQLFLLIFPRE,-2.05,1,E8Q
MKLLSSIPQACDICRLKKLKCSKEKPKCAKCLKNNWECRYSPKTKRSPLTRAHLTEVESRLERLEQLFLLIFPRE,-1.61,1,E8P
MKLLSSISQACDICRLKKLKCSKEKPKCAKCLKNNWECRYSPKTKRSPLTRAHLTEVESRLERLEQLFLLIFPRE,-1.57,1,E8S
MKLLSSIRQACDICRLKKLKCSKEKPKCAKCLKNNWECRYSPKTKRSPLTRAHLTEVESRLERLEQLFLLIFPRE,-4.05,1,E8R
MKLLSSITQACDICRLKKLKCSKEKPKCAKCLKNNWECRYSPKTKRSPLTRAHLTEVESRLERLEQLFLLIFPRE,-1.97,1,E8T
MKLLSSIWQACDICRLKKLKCSKEKPKCAKCLKNNWECRYSPKTKRSPLTRAHLTEVESRLERLEQLFLLIFPRE,-0.81,1,E8W
MKLLSSIVQACDICRLKKLKCSKEKPKCAKCLKNNWECRYSPKTKRSPLTRAHLTEVESRLERLEQLFLLIFPRE,-1.91,1,E8V
MKLLSSIYQACDICRLKKLKCSKEKPKCAKCLKNNWECRYSPKTKRSPLTRAHLTEVESRLERLEQLFLLIFPRE,-4.93,1,E8Y
MKLLSSIEAACDICRLKKLKCSKEKPKCAKCLKNNWECRYSPKTKRSPLTRAHLTEVESRLERLEQLFLLIFPRE,-0.95,1,Q9A
MKLLSSIECACDICRLKKLKCSKEKPKCAKCLKNNWECRYSPKTKRSPLTRAHLTEVESRLERLEQLFLLIFPRE,-7.67,1,Q9C
MKLLSSIEEACDICRLKKLKCSKEKPKCAKCLKNNWECRYSPKTKRSPLTRAHLTEVESRLERLEQLFLLIFPRE,-8.74,1,Q9E
MKLLSSIEDACDICRLKKLKCSKEKPKCAKCLKNNWECRYSPKTKRSPLTRAHLTEVESRLERLEQLFLLIFPRE,-6.52,1,Q9D
MKLLSSIEGACDICRLKKLKCSKEKPKCAKCLKNNWECRYSPKTKRSPLTRAHLTEVESRLERLEQLFLLIFPRE,-5.45,1,Q9G
MKLLSSIEFACDICRLKKLKCSKEKPKCAKCLKNNWECRYSPKTKRSPLTRAHLTEVESRLERLEQLFLLIFPRE,3.11,1,Q9F
MKLLSSIEIACDICRLKKLKCSKEKPKCAKCLKNNWECRYSPKTKRSPLTRAHLTEVESRLERLEQLFLLIFPRE,-3.26,1,Q9I
MKLLSSIEHACDICRLKKLKCSKEKPKCAKCLKNNWECRYSPKTKRSPLTRAHLTEVESRLERLEQLFLLIFPRE,-0.66,1,Q9H
MKLLSSIEKACDICRLKKLKCSKEKPKCAKCLKNNWECRYSPKTKRSPLTRAHLTEVESRLERLEQLFLLIFPRE,-4.0,1,Q9K
MKLLSSIEMACDICRLKKLKCSKEKPKCAKCLKNNWECRYSPKTKRSPLTRAHLTEVESRLERLEQLFLLIFPRE,-3.07,1,Q9M
MKLLSSIELACDICRLKKLKCSKEKPKCAKCLKNNWECRYSPKTKRSPLTRAHLTEVESRLERLEQLFLLIFPRE,-1.4,1,Q9L
MKLLSSIENACDICRLKKLKCSKEKPKCAKCLKNNWECRYSPKTKRSPLTRAHLTEVESRLERLEQLFLLIFPRE,-2.73,1,Q9N
MKLLSSIEPACDICRLKKLKCSKEKPKCAKCLKNNWECRYSPKTKRSPLTRAHLTEVESRLERLEQLFLLIFPRE,-3.53,1,Q9P
MKLLSSIESACDICRLKKLKCSKEKPKCAKCLKNNWECRYSPKTKRSPLTRAHLTEVESRLERLEQLFLLIFPRE,-0.38,1,Q9S
MKLLSSIERACDICRLKKLKCSKEKPKCAKCLKNNWECRYSPKTKRSPLTRAHLTEVESRLERLEQLFLLIFPRE,-5.12,1,Q9R
MKLLSSIETACDICRLKKLKCSKEKPKCAKCLKNNWECRYSPKTKRSPLTRAHLTEVESRLERLEQLFLLIFPRE,-3.17,1,Q9T
MKLLSSIEWACDICRLKKLKCSKEKPKCAKCLKNNWECRYSPKTKRSPLTRAHLTEVESRLERLEQLFLLIFPRE,-1.44,1,Q9W
MKLLSSIEVACDICRLKKLKCSKEKPKCAKCLKNNWECRYSPKTKRSPLTRAHLTEVESRLERLEQLFLLIFPRE,-5.66,1,Q9V
MKLLSSIEYACDICRLKKLKCSKEKPKCAKCLKNNWECRYSPKTKRSPLTRAHLTEVESRLERLEQLFLLIFPRE,-0.16,1,Q9Y
MKLLSSIEQCCDICRLKKLKCSKEKPKCAKCLKNNWECRYSPKTKRSPLTRAHLTEVESRLERLEQLFLLIFPRE,-8.31,1,A10C
MKLLSSIEQECDICRLKKLKCSKEKPKCAKCLKNNWECRYSPKTKRSPLTRAHLTEVESRLERLEQLFLLIFPRE,-9.91,1,A10E
MKLLSSIEQDCDICRLKKLKCSKEKPKCAKCLKNNWECRYSPKTKRSPLTRAHLTEVESRLERLEQLFLLIFPRE,-9.72,1,A10D
MKLLSSIEQGCDICRLKKLKCSKEKPKCAKCLKNNWECRYSPKTKRSPLTRAHLTEVESRLERLEQLFLLIFPRE,-1.25,1,A10G
MKLLSSIEQFCDICRLKKLKCSKEKPKCAKCLKNNWECRYSPKTKRSPLTRAHLTEVESRLERLEQLFLLIFPRE,-8.99,1,A10F
MKLLSSIEQICDICRLKKLKCSKEKPKCAKCLKNNWECRYSPKTKRSPLTRAHLTEVESRLERLEQLFLLIFPRE,-3.99,1,A10I
MKLLSSIEQHCDICRLKKLKCSKEKPKCAKCLKNNWECRYSPKTKRSPLTRAHLTEVESRLERLEQLFLLIFPRE,-5.48,1,A10H
MKLLSSIEQKCDICRLKKLKCSKEKPKCAKCLKNNWECRYSPKTKRSPLTRAHLTEVESRLERLEQLFLLIFPRE,-8.05,1,A10K
MKLLSSIEQMCDICRLKKLKCSKEKPKCAKCLKNNWECRYSPKTKRSPLTRAHLTEVESRLERLEQLFLLIFPRE,-10.87,1,A10M
MKLLSSIEQLCDICRLKKLKCSKEKPKCAKCLKNNWECRYSPKTKRSPLTRAHLTEVESRLERLEQLFLLIFPRE,-10.09,1,A10L
MKLLSSIEQNCDICRLKKLKCSKEKPKCAKCLKNNWECRYSPKTKRSPLTRAHLTEVESRLERLEQLFLLIFPRE,-9.19,1,A10N
MKLLSSIEQQCDICRLKKLKCSKEKPKCAKCLKNNWECRYSPKTKRSPLTRAHLTEVESRLERLEQLFLLIFPRE,-4.73,1,A10Q
MKLLSSIEQPCDICRLKKLKCSKEKPKCAKCLKNNWECRYSPKTKRSPLTRAHLTEVESRLERLEQLFLLIFPRE,-6.97,1,A10P
MKLLSSIEQSCDICRLKKLKCSKEKPKCAKCLKNNWECRYSPKTKRSPLTRAHLTEVESRLERLEQLFLLIFPRE,-7.65,1,A10S
MKLLSSIEQRCDICRLKKLKCSKEKPKCAKCLKNNWECRYSPKTKRSPLTRAHLTEVESRLERLEQLFLLIFPRE,-9.0,1,A10R
MKLLSSIEQTCDICRLKKLKCSKEKPKCAKCLKNNWECRYSPKTKRSPLTRAHLTEVESRLERLEQLFLLIFPRE,-8.63,1,A10T
MKLLSSIEQWCDICRLKKLKCSKEKPKCAKCLKNNWECRYSPKTKRSPLTRAHLTEVESRLERLEQLFLLIFPRE,-8.32,1,A10W
MKLLSSIEQVCDICRLKKLKCSKEKPKCAKCLKNNWECRYSPKTKRSPLTRAHLTEVESRLERLEQLFLLIFPRE,-2.77,1,A10V
MKLLSSIEQYCDICRLKKLKCSKEKPKCAKCLKNNWECRYSPKTKRSPLTRAHLTEVESRLERLEQLFLLIFPRE,-10.31,1,A10Y
MKLLSSIEQAADICRLKKLKCSKEKPKCAKCLKNNWECRYSPKTKRSPLTRAHLTEVESRLERLEQLFLLIFPRE,-4.81,1,C11A
MKLLSSIEQAEDICRLKKLKCSKEKPKCAKCLKNNWECRYSPKTKRSPLTRAHLTEVESRLERLEQLFLLIFPRE,-0.23,1,C11E
MKLLSSIEQADDICRLKKLKCSKEKPKCAKCLKNNWECRYSPKTKRSPLTRAHLTEVESRLERLEQLFLLIFPRE,-9.37,1,C11D
MKLLSSIEQAGDICRLKKLKCSKEKPKCAKCLKNNWECRYSPKTKRSPLTRAHLTEVESRLERLEQLFLLIFPRE,-9.64,1,C11G
MKLLSSIEQAFDICRLKKLKCSKEKPKCAKCLKNNWECRYSPKTKRSPLTRAHLTEVESRLERLEQLFLLIFPRE,-8.5,1,C11F
MKLLSSIEQAIDICRLKKLKCSKEKPKCAKCLKNNWECRYSPKTKRSPLTRAHLTEVESRLERLEQLFLLIFPRE,-8.89,1,C11I
MKLLSSIEQAHDICRLKKLKCSKEKPKCAKCLKNNWECRYSPKTKRSPLTRAHLTEVESRLERLEQLFLLIFPRE,-9.96,1,C11H
MKLLSSIEQAKDICRLKKLKCSKEKPKCAKCLKNNWECRYSPKTKRSPLTRAHLTEVESRLERLEQLFLLIFPRE,-4.14,1,C11K
MKLLSSIEQAMDICRLKKLKCSKEKPKCAKCLKNNWECRYSPKTKRSPLTRAHLTEVESRLERLEQLFLLIFPRE,-4.01,1,C11M
MKLLSSIEQALDICRLKKLKCSKEKPKCAKCLKNNWECRYSPKTKRSPLTRAHLTEVESRLERLEQLFLLIFPRE,-9.29,1,C11L
MKLLSSIEQANDICRLKKLKCSKEKPKCAKCLKNNWECRYSPKTKRSPLTRAHLTEVESRLERLEQLFLLIFPRE,-4.36,1,C11N
MKLLSSIEQAPDICRLKKLKCSKEKPKCAKCLKNNWECRYSPKTKRSPLTRAHLTEVESRLERLEQLFLLIFPRE,-9.4,1,C11P
MKLLSSIEQASDICRLKKLKCSKEKPKCAKCLKNNWECRYSPKTKRSPLTRAHLTEVESRLERLEQLFLLIFPRE,-9.34,1,C11S
MKLLSSIEQARDICRLKKLKCSKEKPKCAKCLKNNWECRYSPKTKRSPLTRAHLTEVESRLERLEQLFLLIFPRE,-2.51,1,C11R
MKLLSSIEQATDICRLKKLKCSKEKPKCAKCLKNNWECRYSPKTKRSPLTRAHLTEVESRLERLEQLFLLIFPRE,-8.47,1,C11T
MKLLSSIEQAWDICRLKKLKCSKEKPKCAKCLKNNWECRYSPKTKRSPLTRAHLTEVESRLERLEQLFLLIFPRE,-8.67,1,C11W
MKLLSSIEQAVDICRLKKLKCSKEKPKCAKCLKNNWECRYSPKTKRSPLTRAHLTEVESRLERLEQLFLLIFPRE,-9.34,1,C11V
MKLLSSIEQAYDICRLKKLKCSKEKPKCAKCLKNNWECRYSPKTKRSPLTRAHLTEVESRLERLEQLFLLIFPRE,-7.23,1,C11Y
MKLLSSIEQACAICRLKKLKCSKEKPKCAKCLKNNWECRYSPKTKRSPLTRAHLTEVESRLERLEQLFLLIFPRE,-8.75,1,D12A
MKLLSSIEQACCICRLKKLKCSKEKPKCAKCLKNNWECRYSPKTKRSPLTRAHLTEVESRLERLEQLFLLIFPRE,-8.07,1,D12C
MKLLSSIEQACEICRLKKLKCSKEKPKCAKCLKNNWECRYSPKTKRSPLTRAHLTEVESRLERLEQLFLLIFPRE,-8.72,1,D12E
MKLLSSIEQACGICRLKKLKCSKEKPKCAKCLKNNWECRYSPKTKRSPLTRAHLTEVESRLERLEQLFLLIFPRE,-8.5,1,D12G
MKLLSSIEQACFICRLKKLKCSKEKPKCAKCLKNNWECRYSPKTKRSPLTRAHLTEVESRLERLEQLFLLIFPRE,-8.86,1,D12F
MKLLSSIEQACIICRLKKLKCSKEKPKCAKCLKNNWECRYSPKTKRSPLTRAHLTEVESRLERLEQLFLLIFPRE,-6.07,1,D12I
MKLLSSIEQACHICRLKKLKCSKEKPKCAKCLKNNWECRYSPKTKRSPLTRAHLTEVESRLERLEQLFLLIFPRE,-5.27,1,D12H
MKLLSSIEQACKICRLKKLKCSKEKPKCAKCLKNNWECRYSPKTKRSPLTRAHLTEVESRLERLEQLFLLIFPRE,-9.29,1,D12K
MKLLSSIEQACMICRLKKLKCSKEKPKCAKCLKNNWECRYSPKTKRSPLTRAHLTEVESRLERLEQLFLLIFPRE,-9.04,1,D12M
MKLLSSIEQACLICRLKKLKCSKEKPKCAKCLKNNWECRYSPKTKRSPLTRAHLTEVESRLERLEQLFLLIFPRE,-6.82,1,D12L
MKLLSSIEQACNICRLKKLKCSKEKPKCAKCLKNNWECRYSPKTKRSPLTRAHLTEVESRLERLEQLFLLIFPRE,-8.54,1,D12N
MKLLSSIEQACQICRLKKLKCSKEKPKCAKCLKNNWECRYSPKTKRSPLTRAHLTEVESRLERLEQLFLLIFPRE,-1.52,1,D12Q
MKLLSSIEQACPICRLKKLKCSKEKPKCAKCLKNNWECRYSPKTKRSPLTRAHLTEVESRLERLEQLFLLIFPRE,-8.87,1,D12P
MKLLSSIEQACSICRLKKLKCSKEKPKCAKCLKNNWECRYSPKTKRSPLTRAHLTEVESRLERLEQLFLLIFPRE,-6.68,1,D12S
MKLLSSIEQACRICRLKKLKCSKEKPKCAKCLKNNWECRYSPKTKRSPLTRAHLTEVESRLERLEQLFLLIFPRE,-6.51,1,D12R
MKLLSSIEQACTICRLKKLKCSKEKPKCAKCLKNNWECRYSPKTKRSPLTRAHLTEVESRLERLEQLFLLIFPRE,-9.33,1,D12T
MKLLSSIEQACWICRLKKLKCSKEKPKCAKCLKNNWECRYSPKTKRSPLTRAHLTEVESRLERLEQLFLLIFPRE,-7.41,1,D12W
MKLLSSIEQACVICRLKKLKCSKEKPKCAKCLKNNWECRYSPKTKRSPLTRAHLTEVESRLERLEQLFLLIFPRE,-1.56,1,D12V
MKLLSSIEQACYICRLKKLKCSKEKPKCAKCLKNNWECRYSPKTKRSPLTRAHLTEVESRLERLEQLFLLIFPRE,-3.96,1,D12Y
MKLLSSIEQACDACRLKKLKCSKEKPKCAKCLKNNWECRYSPKTKRSPLTRAHLTEVESRLERLEQLFLLIFPRE,-1.27,1,I13A
MKLLSSIEQACDCCRLKKLKCSKEKPKCAKCLKNNWECRYSPKTKRSPLTRAHLTEVESRLERLEQLFLLIFPRE,-0.65,1,I13C
MKLLSSIEQACDECRLKKLKCSKEKPKCAKCLKNNWECRYSPKTKRSPLTRAHLTEVESRLERLEQLFLLIFPRE,-0.93,1,I13E
MKLLSSIEQACDDCRLKKLKCSKEKPKCAKCLKNNWECRYSPKTKRSPLTRAHLTEVESRLERLEQLFLLIFPRE,-1.84,1,I13D
MKLLSSIEQACDGCRLKKLKCSKEKPKCAKCLKNNWECRYSPKTKRSPLTRAHLTEVESRLERLEQLFLLIFPRE,-1.12,1,I13G
MKLLSSIEQACDFCRLKKLKCSKEKPKCAKCLKNNWECRYSPKTKRSPLTRAHLTEVESRLERLEQLFLLIFPRE,1.12,1,I13F
MKLLSSIEQACDHCRLKKLKCSKEKPKCAKCLKNNWECRYSPKTKRSPLTRAHLTEVESRLERLEQLFLLIFPRE,-0.62,1,I13H
MKLLSSIEQACDKCRLKKLKCSKEKPKCAKCLKNNWECRYSPKTKRSPLTRAHLTEVESRLERLEQLFLLIFPRE,-1.52,1,I13K
MKLLSSIEQACDMCRLKKLKCSKEKPKCAKCLKNNWECRYSPKTKRSPLTRAHLTEVESRLERLEQLFLLIFPRE,-2.01,1,I13M
MKLLSSIEQACDLCRLKKLKCSKEKPKCAKCLKNNWECRYSPKTKRSPLTRAHLTEVESRLERLEQLFLLIFPRE,-0.74,1,I13L
MKLLSSIEQACDNCRLKKLKCSKEKPKCAKCLKNNWECRYSPKTKRSPLTRAHLTEVESRLERLEQLFLLIFPRE,-3.09,1,I13N
MKLLSSIEQACDQCRLKKLKCSKEKPKCAKCLKNNWECRYSPKTKRSPLTRAHLTEVESRLERLEQLFLLIFPRE,-1.07,1,I13Q
MKLLSSIEQACDPCRLKKLKCSKEKPKCAKCLKNNWECRYSPKTKRSPLTRAHLTEVESRLERLEQLFLLIFPRE,-1.18,1,I13P
MKLLSSIEQACDSCRLKKLKCSKEKPKCAKCLKNNWECRYSPKTKRSPLTRAHLTEVESRLERLEQLFLLIFPRE,-4.41,1,I13S
MKLLSSIEQACDRCRLKKLKCSKEKPKCAKCLKNNWECRYSPKTKRSPLTRAHLTEVESRLERLEQLFLLIFPRE,-0.46,1,I13R
MKLLSSIEQACDTCRLKKLKCSKEKPKCAKCLKNNWECRYSPKTKRSPLTRAHLTEVESRLERLEQLFLLIFPRE,-1.12,1,I13T
MKLLSSIEQACDWCRLKKLKCSKEKPKCAKCLKNNWECRYSPKTKRSPLTRAHLTEVESRLERLEQLFLLIFPRE,1.39,1,I13W
MKLLSSIEQACDVCRLKKLKCSKEKPKCAKCLKNNWECRYSPKTKRSPLTRAHLTEVESRLERLEQLFLLIFPRE,-0.16,1,I13V
MKLLSSIEQACDYCRLKKLKCSKEKPKCAKCLKNNWECRYSPKTKRSPLTRAHLTEVESRLERLEQLFLLIFPRE,0.68,1,I13Y
MKLLSSIEQACDIARLKKLKCSKEKPKCAKCLKNNWECRYSPKTKRSPLTRAHLTEVESRLERLEQLFLLIFPRE,-8.83,1,C14A
MKLLSSIEQACDIERLKKLKCSKEKPKCAKCLKNNWECRYSPKTKRSPLTRAHLTEVESRLERLEQLFLLIFPRE,-5.35,1,C14E
MKLLSSIEQACDIDRLKKLKCSKEKPKCAKCLKNNWECRYSPKTKRSPLTRAHLTEVESRLERLEQLFLLIFPRE,-9.29,1,C14D
MKLLSSIEQACDIGRLKKLKCSKEKPKCAKCLKNNWECRYSPKTKRSPLTRAHLTEVESRLERLEQLFLLIFPRE,-9.27,1,C14G
MKLLSSIEQACDIFRLKKLKCSKEKPKCAKCLKNNWECRYSPKTKRSPLTRAHLTEVESRLERLEQLFLLIFPRE,-8.8,1,C14F
MKLLSSIEQACDIIRLKKLKCSKEKPKCAKCLKNNWECRYSPKTKRSPLTRAHLTEVESRLERLEQLFLLIFPRE,-5.19,1,C14I
MKLLSSIEQACDIHRLKKLKCSKEKPKCAKCLKNNWECRYSPKTKRSPLTRAHLTEVESRLERLEQLFLLIFPRE,-8.32,1,C14H
MKLLSSIEQACDIKRLKKLKCSKEKPKCAKCLKNNWECRYSPKTKRSPLTRAHLTEVESRLERLEQLFLLIFPRE,-8.97,1,C14K
MKLLSSIEQACDIMRLKKLKCSKEKPKCAKCLKNNWECRYSPKTKRSPLTRAHLTEVESRLERLEQLFLLIFPRE,-5.21,1,C14M
MKLLSSIEQACDILRLKKLKCSKEKPKCAKCLKNNWECRYSPKTKRSPLTRAHLTEVESRLERLEQLFLLIFPRE,-8.28,1,C14L
MKLLSSIEQACDINRLKKLKCSKEKPKCAKCLKNNWECRYSPKTKRSPLTRAHLTEVESRLERLEQLFLLIFPRE,-7.86,1,C14N
MKLLSSIEQACDIQRLKKLKCSKEKPKCAKCLKNNWECRYSPKTKRSPLTRAHLTEVESRLERLEQLFLLIFPRE,-11.46,1,C14Q
MKLLSSIEQACDIPRLKKLKCSKEKPKCAKCLKNNWECRYSPKTKRSPLTRAHLTEVESRLERLEQLFLLIFPRE,-8.57,1,C14P
MKLLSSIEQACDISRLKKLKCSKEKPKCAKCLKNNWECRYSPKTKRSPLTRAHLTEVESRLERLEQLFLLIFPRE,-8.58,1,C14S
MKLLSSIEQACDIRRLKKLKCSKEKPKCAKCLKNNWECRYSPKTKRSPLTRAHLTEVESRLERLEQLFLLIFPRE,-6.29,1,C14R
MKLLSSIEQACDITRLKKLKCSKEKPKCAKCLKNNWECRYSPKTKRSPLTRAHLTEVESRLERLEQLFLLIFPRE,-8.98,1,C14T
MKLLSSIEQACDIWRLKKLKCSKEKPKCAKCLKNNWECRYSPKTKRSPLTRAHLTEVESRLERLEQLFLLIFPRE,-4.81,1,C14W
MKLLSSIEQACDIVRLKKLKCSKEKPKCAKCLKNNWECRYSPKTKRSPLTRAHLTEVESRLERLEQLFLLIFPRE,-4.14,1,C14V
MKLLSSIEQACDIYRLKKLKCSKEKPKCAKCLKNNWECRYSPKTKRSPLTRAHLTEVESRLERLEQLFLLIFPRE,-3.99,1,C14Y
MKLLSSIEQACDICALKKLKCSKEKPKCAKCLKNNWECRYSPKTKRSPLTRAHLTEVESRLERLEQLFLLIFPRE,-4.05,1,R15A
MKLLSSIEQACDICCLKKLKCSKEKPKCAKCLKNNWECRYSPKTKRSPLTRAHLTEVESRLERLEQLFLLIFPRE,-8.64,1,R15C
MKLLSSIEQACDICELKKLKCSKEKPKCAKCLKNNWECRYSPKTKRSPLTRAHLTEVESRLERLEQLFLLIFPRE,-9.13,1,R15E
MKLLSSIEQACDICDLKKLKCSKEKPKCAKCLKNNWECRYSPKTKRSPLTRAHLTEVESRLERLEQLFLLIFPRE,-9.75,1,R15D
MKLLSSIEQACDICGLKKLKCSKEKPKCAKCLKNNWECRYSPKTKRSPLTRAHLTEVESRLERLEQLFLLIFPRE,-6.85,1,R15G
MKLLSSIEQACDICFLKKLKCSKEKPKCAKCLKNNWECRYSPKTKRSPLTRAHLTEVESRLERLEQLFLLIFPRE,-8.46,1,R15F
MKLLSSIEQACDICILKKLKCSKEKPKCAKCLKNNWECRYSPKTKRSPLTRAHLTEVESRLERLEQLFLLIFPRE,-8.52,1,R15I
MKLLSSIEQACDICHLKKLKCSKEKPKCAKCLKNNWECRYSPKTKRSPLTRAHLTEVESRLERLEQLFLLIFPRE,-7.9,1,R15H
MKLLSSIEQACDICKLKKLKCSKEKPKCAKCLKNNWECRYSPKTKRSPLTRAHLTEVESRLERLEQLFLLIFPRE,-2.99,1,R15K
MKLLSSIEQACDICMLKKLKCSKEKPKCAKCLKNNWECRYSPKTKRSPLTRAHLTEVESRLERLEQLFLLIFPRE,-9.6,1,R15M
MKLLSSIEQACDICLLKKLKCSKEKPKCAKCLKNNWECRYSPKTKRSPLTRAHLTEVESRLERLEQLFLLIFPRE,-5.74,1,R15L
MKLLSSIEQACDICNLKKLKCSKEKPKCAKCLKNNWECRYSPKTKRSPLTRAHLTEVESRLERLEQLFLLIFPRE,-12.96,1,R15N
MKLLSSIEQACDICQLKKLKCSKEKPKCAKCLKNNWECRYSPKTKRSPLTRAHLTEVESRLERLEQLFLLIFPRE,-8.3,1,R15Q
MKLLSSIEQACDICPLKKLKCSKEKPKCAKCLKNNWECRYSPKTKRSPLTRAHLTEVESRLERLEQLFLLIFPRE,-5.29,1,R15P
MKLLSSIEQACDICSLKKLKCSKEKPKCAKCLKNNWECRYSPKTKRSPLTRAHLTEVESRLERLEQLFLLIFPRE,-4.22,1,R15S
MKLLSSIEQACDICTLKKLKCSKEKPKCAKCLKNNWECRYSPKTKRSPLTRAHLTEVESRLERLEQLFLLIFPRE,-4.67,1,R15T
MKLLSSIEQACDICWLKKLKCSKEKPKCAKCLKNNWECRYSPKTKRSPLTRAHLTEVESRLERLEQLFLLIFPRE,-9.34,1,R15W
MKLLSSIEQACDICVLKKLKCSKEKPKCAKCLKNNWECRYSPKTKRSPLTRAHLTEVESRLERLEQLFLLIFPRE,-8.06,1,R15V
MKLLSSIEQACDICYLKKLKCSKEKPKCAKCLKNNWECRYSPKTKRSPLTRAHLTEVESRLERLEQLFLLIFPRE,-4.7,1,R15Y
MKLLSSIEQACDICRAKKLKCSKEKPKCAKCLKNNWECRYSPKTKRSPLTRAHLTEVESRLERLEQLFLLIFPRE,-0.61,1,L16A
MKLLSSIEQACDICRCKKLKCSKEKPKCAKCLKNNWECRYSPKTKRSPLTRAHLTEVESRLERLEQLFLLIFPRE,0.43,1,L16C
MKLLSSIEQACDICREKKLKCSKEKPKCAKCLKNNWECRYSPKTKRSPLTRAHLTEVESRLERLEQLFLLIFPRE,-1.36,1,L16E
MKLLSSIEQACDICRDKKLKCSKEKPKCAKCLKNNWECRYSPKTKRSPLTRAHLTEVESRLERLEQLFLLIFPRE,-1.86,1,L16D
MKLLSSIEQACDICRGKKLKCSKEKPKCAKCLKNNWECRYSPKTKRSPLTRAHLTEVESRLERLEQLFLLIFPRE,-0.57,1,L16G
MKLLSSIEQACDICRFKKLKCSKEKPKCAKCLKNNWECRYSPKTKRSPLTRAHLTEVESRLERLEQLFLLIFPRE,-1.32,1,L16F
MKLLSSIEQACDICRIKKLKCSKEKPKCAKCLKNNWECRYSPKTKRSPLTRAHLTEVESRLERLEQLFLLIFPRE,-1.17,1,L16I
MKLLSSIEQACDICRHKKLKCSKEKPKCAKCLKNNWECRYSPKTKRSPLTRAHLTEVESRLERLEQLFLLIFPRE,-1.06,1,L16H
MKLLSSIEQACDICRKKKLKCSKEKPKCAKCLKNNWECRYSPKTKRSPLTRAHLTEVESRLERLEQLFLLIFPRE,-1.91,1,L16K
MKLLSSIEQACDICRMKKLKCSKEKPKCAKCLKNNWECRYSPKTKRSPLTRAHLTEVESRLERLEQLFLLIFPRE,0.18,1,L16M
MKLLSSIEQACDICRNKKLKCSKEKPKCAKCLKNNWECRYSPKTKRSPLTRAHLTEVESRLERLEQLFLLIFPRE,-1.34,1,L16N
MKLLSSIEQACDICRQKKLKCSKEKPKCAKCLKNNWECRYSPKTKRSPLTRAHLTEVESRLERLEQLFLLIFPRE,-1.36,1,L16Q
MKLLSSIEQACDICRPKKLKCSKEKPKCAKCLKNNWECRYSPKTKRSPLTRAHLTEVESRLERLEQLFLLIFPRE,-7.95,1,L16P
MKLLSSIEQACDICRSKKLKCSKEKPKCAKCLKNNWECRYSPKTKRSPLTRAHLTEVESRLERLEQLFLLIFPRE,-0.78,1,L16S
MKLLSSIEQACDICRRKKLKCSKEKPKCAKCLKNNWECRYSPKTKRSPLTRAHLTEVESRLERLEQLFLLIFPRE,-4.02,1,L16R
MKLLSSIEQACDICRTKKLKCSKEKPKCAKCLKNNWECRYSPKTKRSPLTRAHLTEVESRLERLEQLFLLIFPRE,-1.14,1,L16T
MKLLSSIEQACDICRWKKLKCSKEKPKCAKCLKNNWECRYSPKTKRSPLTRAHLTEVESRLERLEQLFLLIFPRE,-1.23,1,L16W
MKLLSSIEQACDICRVKKLKCSKEKPKCAKCLKNNWECRYSPKTKRSPLTRAHLTEVESRLERLEQLFLLIFPRE,-0.7,1,L16V
MKLLSSIEQACDICRYKKLKCSKEKPKCAKCLKNNWECRYSPKTKRSPLTRAHLTEVESRLERLEQLFLLIFPRE,0.97,1,L16Y
MKLLSSIEQACDICRLAKLKCSKEKPKCAKCLKNNWECRYSPKTKRSPLTRAHLTEVESRLERLEQLFLLIFPRE,-8.2,1,K17A
MKLLSSIEQACDICRLCKLKCSKEKPKCAKCLKNNWECRYSPKTKRSPLTRAHLTEVESRLERLEQLFLLIFPRE,-6.8,1,K17C
MKLLSSIEQACDICRLEKLKCSKEKPKCAKCLKNNWECRYSPKTKRSPLTRAHLTEVESRLERLEQLFLLIFPRE,-9.56,1,K17E
MKLLSSIEQACDICRLDKLKCSKEKPKCAKCLKNNWECRYSPKTKRSPLTRAHLTEVESRLERLEQLFLLIFPRE,-9.65,1,K17D
MKLLSSIEQACDICRLGKLKCSKEKPKCAKCLKNNWECRYSPKTKRSPLTRAHLTEVESRLERLEQLFLLIFPRE,-9.49,1,K17G
MKLLSSIEQACDICRLFKLKCSKEKPKCAKCLKNNWECRYSPKTKRSPLTRAHLTEVESRLERLEQLFLLIFPRE,-4.12,1,K17F
MKLLSSIEQACDICRLIKLKCSKEKPKCAKCLKNNWECRYSPKTKRSPLTRAHLTEVESRLERLEQLFLLIFPRE,-9.43,1,K17I
MKLLSSIEQACDICRLHKLKCSKEKPKCAKCLKNNWECRYSPKTKRSPLTRAHLTEVESRLERLEQLFLLIFPRE,-9.48,1,K17H
MKLLSSIEQACDICRLMKLKCSKEKPKCAKCLKNNWECRYSPKTKRSPLTRAHLTEVESRLERLEQLFLLIFPRE,-9.32,1,K17M
MKLLSSIEQACDICRLLKLKCSKEKPKCAKCLKNNWECRYSPKTKRSPLTRAHLTEVESRLERLEQLFLLIFPRE,-8.93,1,K17L
MKLLSSIEQACDICRLNKLKCSKEKPKCAKCLKNNWECRYSPKTKRSPLTRAHLTEVESRLERLEQLFLLIFPRE,-3.86,1,K17N
MKLLSSIEQACDICRLQKLKCSKEKPKCAKCLKNNWECRYSPKTKRSPLTRAHLTEVESRLERLEQLFLLIFPRE,-9.73,1,K17Q
MKLLSSIEQACDICRLPKLKCSKEKPKCAKCLKNNWECRYSPKTKRSPLTRAHLTEVESRLERLEQLFLLIFPRE,-9.17,1,K17P
MKLLSSIEQACDICRLSKLKCSKEKPKCAKCLKNNWECRYSPKTKRSPLTRAHLTEVESRLERLEQLFLLIFPRE,-9.72,1,K17S
MKLLSSIEQACDICRLRKLKCSKEKPKCAKCLKNNWECRYSPKTKRSPLTRAHLTEVESRLERLEQLFLLIFPRE,-7.27,1,K17R
MKLLSSIEQACDICRLTKLKCSKEKPKCAKCLKNNWECRYSPKTKRSPLTRAHLTEVESRLERLEQLFLLIFPRE,-9.57,1,K17T
MKLLSSIEQACDICRLWKLKCSKEKPKCAKCLKNNWECRYSPKTKRSPLTRAHLTEVESRLERLEQLFLLIFPRE,-8.05,1,K17W
MKLLSSIEQACDICRLVKLKCSKEKPKCAKCLKNNWECRYSPKTKRSPLTRAHLTEVESRLERLEQLFLLIFPRE,-8.82,1,K17V
MKLLSSIEQACDICRLYKLKCSKEKPKCAKCLKNNWECRYSPKTKRSPLTRAHLTEVESRLERLEQLFLLIFPRE,-8.44,1,K17Y
MKLLSSIEQACDICRLKALKCSKEKPKCAKCLKNNWECRYSPKTKRSPLTRAHLTEVESRLERLEQLFLLIFPRE,-5.75,1,K18A
MKLLSSIEQACDICRLKCLKCSKEKPKCAKCLKNNWECRYSPKTKRSPLTRAHLTEVESRLERLEQLFLLIFPRE,-4.73,1,K18C
MKLLSSIEQACDICRLKELKCSKEKPKCAKCLKNNWECRYSPKTKRSPLTRAHLTEVESRLERLEQLFLLIFPRE,-9.23,1,K18E
MKLLSSIEQACDICRLKDLKCSKEKPKCAKCLKNNWECRYSPKTKRSPLTRAHLTEVESRLERLEQLFLLIFPRE,-8.82,1,K18D
MKLLSSIEQACDICRLKGLKCSKEKPKCAKCLKNNWECRYSPKTKRSPLTRAHLTEVESRLERLEQLFLLIFPRE,-9.02,1,K18G
MKLLSSIEQACDICRLKFLKCSKEKPKCAKCLKNNWECRYSPKTKRSPLTRAHLTEVESRLERLEQLFLLIFPRE,-8.9,1,K18F
MKLLSSIEQACDICRLKILKCSKEKPKCAKCLKNNWECRYSPKTKRSPLTRAHLTEVESRLERLEQLFLLIFPRE,-5.44,1,K18I
MKLLSSIEQACDICRLKHLKCSKEKPKCAKCLKNNWECRYSPKTKRSPLTRAHLTEVESRLERLEQLFLLIFPRE,-2.52,1,K18H
MKLLSSIEQACDICRLKMLKCSKEKPKCAKCLKNNWECRYSPKTKRSPLTRAHLTEVESRLERLEQLFLLIFPRE,-9.21,1,K18M
MKLLSSIEQACDICRLKLLKCSKEKPKCAKCLKNNWECRYSPKTKRSPLTRAHLTEVESRLERLEQLFLLIFPRE,-7.98,1,K18L
MKLLSSIEQACDICRLKNLKCSKEKPKCAKCLKNNWECRYSPKTKRSPLTRAHLTEVESRLERLEQLFLLIFPRE,-4.94,1,K18N
MKLLSSIEQACDICRLKQLKCSKEKPKCAKCLKNNWECRYSPKTKRSPLTRAHLTEVESRLERLEQLFLLIFPRE,-4.17,1,K18Q
MKLLSSIEQACDICRLKPLKCSKEKPKCAKCLKNNWECRYSPKTKRSPLTRAHLTEVESRLERLEQLFLLIFPRE,-9.2,1,K18P
MKLLSSIEQACDICRLKSLKCSKEKPKCAKCLKNNWECRYSPKTKRSPLTRAHLTEVESRLERLEQLFLLIFPRE,-7.67,1,K18S
MKLLSSIEQACDICRLKRLKCSKEKPKCAKCLKNNWECRYSPKTKRSPLTRAHLTEVESRLERLEQLFLLIFPRE,-4.68,1,K18R
MKLLSSIEQACDICRLKTLKCSKEKPKCAKCLKNNWECRYSPKTKRSPLTRAHLTEVESRLERLEQLFLLIFPRE,-8.83,1,K18T
MKLLSSIEQACDICRLKWLKCSKEKPKCAKCLKNNWECRYSPKTKRSPLTRAHLTEVESRLERLEQLFLLIFPRE,-5.34,1,K18W
MKLLSSIEQACDICRLKVLKCSKEKPKCAKCLKNNWECRYSPKTKRSPLTRAHLTEVESRLERLEQLFLLIFPRE,-7.39,1,K18V
MKLLSSIEQACDICRLKYLKCSKEKPKCAKCLKNNWECRYSPKTKRSPLTRAHLTEVESRLERLEQLFLLIFPRE,-8.04,1,K18Y
MKLLSSIEQACDICRLKKAKCSKEKPKCAKCLKNNWECRYSPKTKRSPLTRAHLTEVESRLERLEQLFLLIFPRE,0.35,1,L19A
MKLLSSIEQACDICRLKKCKCSKEKPKCAKCLKNNWECRYSPKTKRSPLTRAHLTEVESRLERLEQLFLLIFPRE,-1.16,1,L19C
MKLLSSIEQACDICRLKKEKCSKEKPKCAKCLKNNWECRYSPKTKRSPLTRAHLTEVESRLERLEQLFLLIFPRE,-9.94,1,L19E
MKLLSSIEQACDICRLKKDKCSKEKPKCAKCLKNNWECRYSPKTKRSPLTRAHLTEVESRLERLEQLFLLIFPRE,-9.25,1,L19D
MKLLSSIEQACDICRLKKGKCSKEKPKCAKCLKNNWECRYSPKTKRSPLTRAHLTEVESRLERLEQLFLLIFPRE,1.16,1,L19G
MKLLSSIEQACDICRLKKFKCSKEKPKCAKCLKNNWECRYSPKTKRSPLTRAHLTEVESRLERLEQLFLLIFPRE,-9.15,1,L19F
MKLLSSIEQACDICRLKKIKCSKEKPKCAKCLKNNWECRYSPKTKRSPLTRAHLTEVESRLERLEQLFLLIFPRE,-0.51,1,L19I
MKLLSSIEQACDICRLKKHKCSKEKPKCAKCLKNNWECRYSPKTKRSPLTRAHLTEVESRLERLEQLFLLIFPRE,-1.1,1,L19H
MKLLSSIEQACDICRLKKKKCSKEKPKCAKCLKNNWECRYSPKTKRSPLTRAHLTEVESRLERLEQLFLLIFPRE,-10.33,1,L19K
MKLLSSIEQACDICRLKKMKCSKEKPKCAKCLKNNWECRYSPKTKRSPLTRAHLTEVESRLERLEQLFLLIFPRE,1.73,1,L19M
MKLLSSIEQACDICRLKKNKCSKEKPKCAKCLKNNWECRYSPKTKRSPLTRAHLTEVESRLERLEQLFLLIFPRE,-2.32,1,L19N
MKLLSSIEQACDICRLKKQKCSKEKPKCAKCLKNNWECRYSPKTKRSPLTRAHLTEVESRLERLEQLFLLIFPRE,-3.03,1,L19Q
MKLLSSIEQACDICRLKKPKCSKEKPKCAKCLKNNWECRYSPKTKRSPLTRAHLTEVESRLERLEQLFLLIFPRE,-2.13,1,L19P
MKLLSSIEQACDICRLKKSKCSKEKPKCAKCLKNNWECRYSPKTKRSPLTRAHLTEVESRLERLEQLFLLIFPRE,-1.38,1,L19S
MKLLSSIEQACDICRLKKRKCSKEKPKCAKCLKNNWECRYSPKTKRSPLTRAHLTEVESRLERLEQLFLLIFPRE,-8.21,1,L19R
MKLLSSIEQACDICRLKKTKCSKEKPKCAKCLKNNWECRYSPKTKRSPLTRAHLTEVESRLERLEQLFLLIFPRE,-2.99,1,L19T
MKLLSSIEQACDICRLKKWKCSKEKPKCAKCLKNNWECRYSPKTKRSPLTRAHLTEVESRLERLEQLFLLIFPRE,-2.23,1,L19W
MKLLSSIEQACDICRLKKVKCSKEKPKCAKCLKNNWECRYSPKTKRSPLTRAHLTEVESRLERLEQLFLLIFPRE,-9.01,1,L19V
MKLLSSIEQACDICRLKKYKCSKEKPKCAKCLKNNWECRYSPKTKRSPLTRAHLTEVESRLERLEQLFLLIFPRE,-3.48,1,L19Y
MKLLSSIEQACDICRLKKLACSKEKPKCAKCLKNNWECRYSPKTKRSPLTRAHLTEVESRLERLEQLFLLIFPRE,-5.86,1,K20A
MKLLSSIEQACDICRLKKLCCSKEKPKCAKCLKNNWECRYSPKTKRSPLTRAHLTEVESRLERLEQLFLLIFPRE,-4.76,1,K20C
MKLLSSIEQACDICRLKKLECSKEKPKCAKCLKNNWECRYSPKTKRSPLTRAHLTEVESRLERLEQLFLLIFPRE,-7.95,1,K20E
MKLLSSIEQACDICRLKKLDCSKEKPKCAKCLKNNWECRYSPKTKRSPLTRAHLTEVESRLERLEQLFLLIFPRE,-9.05,1,K20D
MKLLSSIEQACDICRLKKLGCSKEKPKCAKCLKNNWECRYSPKTKRSPLTRAHLTEVESRLERLEQLFLLIFPRE,1.21,1,K20G
MKLLSSIEQACDICRLKKLFCSKEKPKCAKCLKNNWECRYSPKTKRSPLTRAHLTEVESRLERLEQLFLLIFPRE,-8.63,1,K20F
MKLLSSIEQACDICRLKKLICSKEKPKCAKCLKNNWECRYSPKTKRSPLTRAHLTEVESRLERLEQLFLLIFPRE,-7.53,1,K20I
MKLLSSIEQACDICRLKKLHCSKEKPKCAKCLKNNWECRYSPKTKRSPLTRAHLTEVESRLERLEQLFLLIFPRE,-4.73,1,K20H
MKLLSSIEQACDICRLKKLMCSKEKPKCAKCLKNNWECRYSPKTKRSPLTRAHLTEVESRLERLEQLFLLIFPRE,-8.28,1,K20M
MKLLSSIEQACDICRLKKLLCSKEKPKCAKCLKNNWECRYSPKTKRSPLTRAHLTEVESRLERLEQLFLLIFPRE,-4.43,1,K20L
MKLLSSIEQACDICRLKKLNCSKEKPKCAKCLKNNWECRYSPKTKRSPLTRAHLTEVESRLERLEQLFLLIFPRE,-4.63,1,K20N
MKLLSSIEQACDICRLKKLQCSKEKPKCAKCLKNNWECRYSPKTKRSPLTRAHLTEVESRLERLEQLFLLIFPRE,-5.74,1,K20Q
MKLLSSIEQACDICRLKKLPCSKEKPKCAKCLKNNWECRYSPKTKRSPLTRAHLTEVESRLERLEQLFLLIFPRE,-4.17,1,K20P
MKLLSSIEQACDICRLKKLSCSKEKPKCAKCLKNNWECRYSPKTKRSPLTRAHLTEVESRLERLEQLFLLIFPRE,-5.91,1,K20S
MKLLSSIEQACDICRLKKLRCSKEKPKCAKCLKNNWECRYSPKTKRSPLTRAHLTEVESRLERLEQLFLLIFPRE,0.21,1,K20R
MKLLSSIEQACDICRLKKLTCSKEKPKCAKCLKNNWECRYSPKTKRSPLTRAHLTEVESRLERLEQLFLLIFPRE,-4.21,1,K20T
MKLLSSIEQACDICRLKKLWCSKEKPKCAKCLKNNWECRYSPKTKRSPLTRAHLTEVESRLERLEQLFLLIFPRE,-7.87,1,K20W
MKLLSSIEQACDICRLKKLVCSKEKPKCAKCLKNNWECRYSPKTKRSPLTRAHLTEVESRLERLEQLFLLIFPRE,-5.44,1,K20V
MKLLSSIEQACDICRLKKLYCSKEKPKCAKCLKNNWECRYSPKTKRSPLTRAHLTEVESRLERLEQLFLLIFPRE,-8.87,1,K20Y
MKLLSSIEQACDICRLKKLKASKEKPKCAKCLKNNWECRYSPKTKRSPLTRAHLTEVESRLERLEQLFLLIFPRE,-9.4,1,C21A
MKLLSSIEQACDICRLKKLKESKEKPKCAKCLKNNWECRYSPKTKRSPLTRAHLTEVESRLERLEQLFLLIFPRE,-4.12,1,C21E
MKLLSSIEQACDICRLKKLKDSKEKPKCAKCLKNNWECRYSPKTKRSPLTRAHLTEVESRLERLEQLFLLIFPRE,-4.0,1,C21D
MKLLSSIEQACDICRLKKLKGSKEKPKCAKCLKNNWECRYSPKTKRSPLTRAHLTEVESRLERLEQLFLLIFPRE,-4.88,1,C21G
MKLLSSIEQACDICRLKKLKFSKEKPKCAKCLKNNWECRYSPKTKRSPLTRAHLTEVESRLERLEQLFLLIFPRE,-4.23,1,C21F
MKLLSSIEQACDICRLKKLKISKEKPKCAKCLKNNWECRYSPKTKRSPLTRAHLTEVESRLERLEQLFLLIFPRE,-5.1,1,C21I
MKLLSSIEQACDICRLKKLKHSKEKPKCAKCLKNNWECRYSPKTKRSPLTRAHLTEVESRLERLEQLFLLIFPRE,-9.3,1,C21H
MKLLSSIEQACDICRLKKLKKSKEKPKCAKCLKNNWECRYSPKTKRSPLTRAHLTEVESRLERLEQLFLLIFPRE,-5.11,1,C21K
MKLLSSIEQACDICRLKKLKMSKEKPKCAKCLKNNWECRYSPKTKRSPLTRAHLTEVESRLERLEQLFLLIFPRE,-3.44,1,C21M
MKLLSSIEQACDICRLKKLKLSKEKPKCAKCLKNNWECRYSPKTKRSPLTRAHLTEVESRLERLEQLFLLIFPRE,-5.55,1,C21L
MKLLSSIEQACDICRLKKLKNSKEKPKCAKCLKNNWECRYSPKTKRSPLTRAHLTEVESRLERLEQLFLLIFPRE,-8.68,1,C21N
MKLLSSIEQACDICRLKKLKQSKEKPKCAKCLKNNWECRYSPKTKRSPLTRAHLTEVESRLERLEQLFLLIFPRE,-7.13,1,C21Q
MKLLSSIEQACDICRLKKLKPSKEKPKCAKCLKNNWECRYSPKTKRSPLTRAHLTEVESRLERLEQLFLLIFPRE,-9.83,1,C21P
MKLLSSIEQACDICRLKKLKSSKEKPKCAKCLKNNWECRYSPKTKRSPLTRAHLTEVESRLERLEQLFLLIFPRE,-6.39,1,C21S
MKLLSSIEQACDICRLKKLKRSKEKPKCAKCLKNNWECRYSPKTKRSPLTRAHLTEVESRLERLEQLFLLIFPRE,-8.46,1,C21R
MKLLSSIEQACDICRLKKLKTSKEKPKCAKCLKNNWECRYSPKTKRSPLTRAHLTEVESRLERLEQLFLLIFPRE,-5.86,1,C21T
MKLLSSIEQACDICRLKKLKWSKEKPKCAKCLKNNWECRYSPKTKRSPLTRAHLTEVESRLERLEQLFLLIFPRE,-9.06,1,C21W
MKLLSSIEQACDICRLKKLKVSKEKPKCAKCLKNNWECRYSPKTKRSPLTRAHLTEVESRLERLEQLFLLIFPRE,-9.13,1,C21V
MKLLSSIEQACDICRLKKLKYSKEKPKCAKCLKNNWECRYSPKTKRSPLTRAHLTEVESRLERLEQLFLLIFPRE,-7.23,1,C21Y
MKLLSSIEQACDICRLKKLKCCKEKPKCAKCLKNNWECRYSPKTKRSPLTRAHLTEVESRLERLEQLFLLIFPRE,-8.8,1,S22C
MKLLSSIEQACDICRLKKLKCGKEKPKCAKCLKNNWECRYSPKTKRSPLTRAHLTEVESRLERLEQLFLLIFPRE,-7.04,1,S22G
MKLLSSIEQACDICRLKKLKCFKEKPKCAKCLKNNWECRYSPKTKRSPLTRAHLTEVESRLERLEQLFLLIFPRE,-8.75,1,S22F
MKLLSSIEQACDICRLKKLKCIKEKPKCAKCLKNNWECRYSPKTKRSPLTRAHLTEVESRLERLEQLFLLIFPRE,-8.4,1,S22I
MKLLSSIEQACDICRLKKLKCHKEKPKCAKCLKNNWECRYSPKTKRSPLTRAHLTEVESRLERLEQLFLLIFPRE,-10.78,1,S22H
MKLLSSIEQACDICRLKKLKCKKEKPKCAKCLKNNWECRYSPKTKRSPLTRAHLTEVESRLERLEQLFLLIFPRE,-8.36,1,S22K
MKLLSSIEQACDICRLKKLKCLKEKPKCAKCLKNNWECRYSPKTKRSPLTRAHLTEVESRLERLEQLFLLIFPRE,-7.97,1,S22L
MKLLSSIEQACDICRLKKLKCNKEKPKCAKCLKNNWECRYSPKTKRSPLTRAHLTEVESRLERLEQLFLLIFPRE,-5.84,1,S22N
MKLLSSIEQACDICRLKKLKCQKEKPKCAKCLKNNWECRYSPKTKRSPLTRAHLTEVESRLERLEQLFLLIFPRE,-8.18,1,S22Q
MKLLSSIEQACDICRLKKLKCPKEKPKCAKCLKNNWECRYSPKTKRSPLTRAHLTEVESRLERLEQLFLLIFPRE,-7.38,1,S22P
MKLLSSIEQACDICRLKKLKCRKEKPKCAKCLKNNWECRYSPKTKRSPLTRAHLTEVESRLERLEQLFLLIFPRE,-8.37,1,S22R
MKLLSSIEQACDICRLKKLKCWKEKPKCAKCLKNNWECRYSPKTKRSPLTRAHLTEVESRLERLEQLFLLIFPRE,-9.17,1,S22W
MKLLSSIEQACDICRLKKLKCVKEKPKCAKCLKNNWECRYSPKTKRSPLTRAHLTEVESRLERLEQLFLLIFPRE,-9.02,1,S22V
MKLLSSIEQACDICRLKKLKCYKEKPKCAKCLKNNWECRYSPKTKRSPLTRAHLTEVESRLERLEQLFLLIFPRE,-9.72,1,S22Y
MKLLSSIEQACDICRLKKLKCSAEKPKCAKCLKNNWECRYSPKTKRSPLTRAHLTEVESRLERLEQLFLLIFPRE,-9.05,1,K23A
MKLLSSIEQACDICRLKKLKCSCEKPKCAKCLKNNWECRYSPKTKRSPLTRAHLTEVESRLERLEQLFLLIFPRE,-8.34,1,K23C
MKLLSSIEQACDICRLKKLKCSEEKPKCAKCLKNNWECRYSPKTKRSPLTRAHLTEVESRLERLEQLFLLIFPRE,-6.5,1,K23E
MKLLSSIEQACDICRLKKLKCSDEKPKCAKCLKNNWECRYSPKTKRSPLTRAHLTEVESRLERLEQLFLLIFPRE,-8.56,1,K23D
MKLLSSIEQACDICRLKKLKCSGEKPKCAKCLKNNWECRYSPKTKRSPLTRAHLTEVESRLERLEQLFLLIFPRE,-7.77,1,K23G
MKLLSSIEQACDICRLKKLKCSFEKPKCAKCLKNNWECRYSPKTKRSPLTRAHLTEVESRLERLEQLFLLIFPRE,-6.24,1,K23F
MKLLSSIEQACDICRLKKLKCSIEKPKCAKCLKNNWECRYSPKTKRSPLTRAHLTEVESRLERLEQLFLLIFPRE,-8.47,1,K23I
MKLLSSIEQACDICRLKKLKCSHEKPKCAKCLKNNWECRYSPKTKRSPLTRAHLTEVESRLERLEQLFLLIFPRE,-3.16,1,K23H
MKLLSSIEQACDICRLKKLKCSMEKPKCAKCLKNNWECRYSPKTKRSPLTRAHLTEVESRLERLEQLFLLIFPRE,-7.46,1,K23M
MKLLSSIEQACDICRLKKLKCSLEKPKCAKCLKNNWECRYSPKTKRSPLTRAHLTEVESRLERLEQLFLLIFPRE,-6.13,1,K23L
MKLLSSIEQACDICRLKKLKCSNEKPKCAKCLKNNWECRYSPKTKRSPLTRAHLTEVESRLERLEQLFLLIFPRE,-5.51,1,K23N
MKLLSSIEQACDICRLKKLKCSQEKPKCAKCLKNNWECRYSPKTKRSPLTRAHLTEVESRLERLEQLFLLIFPRE,-3.44,1,K23Q
MKLLSSIEQACDICRLKKLKCSPEKPKCAKCLKNNWECRYSPKTKRSPLTRAHLTEVESRLERLEQLFLLIFPRE,-5.63,1,K23P
MKLLSSIEQACDICRLKKLKCSSEKPKCAKCLKNNWECRYSPKTKRSPLTRAHLTEVESRLERLEQLFLLIFPRE,-7.55,1,K23S
MKLLSSIEQACDICRLKKLKCSREKPKCAKCLKNNWECRYSPKTKRSPLTRAHLTEVESRLERLEQLFLLIFPRE,-2.13,1,K23R
MKLLSSIEQACDICRLKKLKCSTEKPKCAKCLKNNWECRYSPKTKRSPLTRAHLTEVESRLERLEQLFLLIFPRE,-8.98,1,K23T
MKLLSSIEQACDICRLKKLKCSWEKPKCAKCLKNNWECRYSPKTKRSPLTRAHLTEVESRLERLEQLFLLIFPRE,-9.03,1,K23W
MKLLSSIEQACDICRLKKLKCSVEKPKCAKCLKNNWECRYSPKTKRSPLTRAHLTEVESRLERLEQLFLLIFPRE,-3.33,1,K23V
MKLLSSIEQACDICRLKKLKCSYEKPKCAKCLKNNWECRYSPKTKRSPLTRAHLTEVESRLERLEQLFLLIFPRE,-5.0,1,K23Y
MKLLSSIEQACDICRLKKLKCSKAKPKCAKCLKNNWECRYSPKTKRSPLTRAHLTEVESRLERLEQLFLLIFPRE,-0.37,1,E24A
MKLLSSIEQACDICRLKKLKCSKCKPKCAKCLKNNWECRYSPKTKRSPLTRAHLTEVESRLERLEQLFLLIFPRE,-0.43,1,E24C
MKLLSSIEQACDICRLKKLKCSKDKPKCAKCLKNNWECRYSPKTKRSPLTRAHLTEVESRLERLEQLFLLIFPRE,0.08,1,E24D
MKLLSSIEQACDICRLKKLKCSKGKPKCAKCLKNNWECRYSPKTKRSPLTRAHLTEVESRLERLEQLFLLIFPRE,-1.54,1,E24G
MKLLSSIEQACDICRLKKLKCSKFKPKCAKCLKNNWECRYSPKTKRSPLTRAHLTEVESRLERLEQLFLLIFPRE,-2.96,1,E24F
MKLLSSIEQACDICRLKKLKCSKIKPKCAKCLKNNWECRYSPKTKRSPLTRAHLTEVESRLERLEQLFLLIFPRE,-3.5,1,E24I
MKLLSSIEQACDICRLKKLKCSKHKPKCAKCLKNNWECRYSPKTKRSPLTRAHLTEVESRLERLEQLFLLIFPRE,-0.26,1,E24H
MKLLSSIEQACDICRLKKLKCSKKKPKCAKCLKNNWECRYSPKTKRSPLTRAHLTEVESRLERLEQLFLLIFPRE,-1.99,1,E24K
MKLLSSIEQACDICRLKKLKCSKMKPKCAKCLKNNWECRYSPKTKRSPLTRAHLTEVESRLERLEQLFLLIFPRE,-1.17,1,E24M
MKLLSSIEQACDICRLKKLKCSKLKPKCAKCLKNNWECRYSPKTKRSPLTRAHLTEVESRLERLEQLFLLIFPRE,-3.46,1,E24L
MKLLSSIEQACDICRLKKLKCSKNKPKCAKCLKNNWECRYSPKTKRSPLTRAHLTEVESRLERLEQLFLLIFPRE,0.4,1,E24N
MKLLSSIEQACDICRLKKLKCSKQKPKCAKCLKNNWECRYSPKTKRSPLTRAHLTEVESRLERLEQLFLLIFPRE,0.9,1,E24Q
MKLLSSIEQACDICRLKKLKCSKPKPKCAKCLKNNWECRYSPKTKRSPLTRAHLTEVESRLERLEQLFLLIFPRE,-4.29,1,E24P
MKLLSSIEQACDICRLKKLKCSKSKPKCAKCLKNNWECRYSPKTKRSPLTRAHLTEVESRLERLEQLFLLIFPRE,-0.04,1,E24S
MKLLSSIEQACDICRLKKLKCSKRKPKCAKCLKNNWECRYSPKTKRSPLTRAHLTEVESRLERLEQLFLLIFPRE,-2.89,1,E24R
MKLLSSIEQACDICRLKKLKCSKTKPKCAKCLKNNWECRYSPKTKRSPLTRAHLTEVESRLERLEQLFLLIFPRE,0.55,1,E24T
MKLLSSIEQACDICRLKKLKCSKWKPKCAKCLKNNWECRYSPKTKRSPLTRAHLTEVESRLERLEQLFLLIFPRE,-5.32,1,E24W
MKLLSSIEQACDICRLKKLKCSKVKPKCAKCLKNNWECRYSPKTKRSPLTRAHLTEVESRLERLEQLFLLIFPRE,-1.34,1,E24V
MKLLSSIEQACDICRLKKLKCSKYKPKCAKCLKNNWECRYSPKTKRSPLTRAHLTEVESRLERLEQLFLLIFPRE,-8.52,1,E24Y
MKLLSSIEQACDICRLKKLKCSKEAPKCAKCLKNNWECRYSPKTKRSPLTRAHLTEVESRLERLEQLFLLIFPRE,0.95,1,K25A
MKLLSSIEQACDICRLKKLKCSKECPKCAKCLKNNWECRYSPKTKRSPLTRAHLTEVESRLERLEQLFLLIFPRE,-0.68,1,K25C
MKLLSSIEQACDICRLKKLKCSKEEPKCAKCLKNNWECRYSPKTKRSPLTRAHLTEVESRLERLEQLFLLIFPRE,0.67,1,K25E
MKLLSSIEQACDICRLKKLKCSKEDPKCAKCLKNNWECRYSPKTKRSPLTRAHLTEVESRLERLEQLFLLIFPRE,-2.38,1,K25D
MKLLSSIEQACDICRLKKLKCSKEGPKCAKCLKNNWECRYSPKTKRSPLTRAHLTEVESRLERLEQLFLLIFPRE,-1.37,1,K25G
MKLLSSIEQACDICRLKKLKCSKEFPKCAKCLKNNWECRYSPKTKRSPLTRAHLTEVESRLERLEQLFLLIFPRE,2.21,1,K25F
MKLLSSIEQACDICRLKKLKCSKEIPKCAKCLKNNWECRYSPKTKRSPLTRAHLTEVESRLERLEQLFLLIFPRE,1.19,1,K25I
MKLLSSIEQACDICRLKKLKCSKEHPKCAKCLKNNWECRYSPKTKRSPLTRAHLTEVESRLERLEQLFLLIFPRE,0.14,1,K25H
MKLLSSIEQACDICRLKKLKCSKEMPKCAKCLKNNWECRYSPKTKRSPLTRAHLTEVESRLERLEQLFLLIFPRE,1.6,1,K25M
MKLLSSIEQACDICRLKKLKCSKELPKCAKCLKNNWECRYSPKTKRSPLTRAHLTEVESRLERLEQLFLLIFPRE,0.52,1,K25L
MKLLSSIEQACDICRLKKLKCSKENPKCAKCLKNNWECRYSPKTKRSPLTRAHLTEVESRLERLEQLFLLIFPRE,0.84,1,K25N
MKLLSSIEQACDICRLKKLKCSKEQPKCAKCLKNNWECRYSPKTKRSPLTRAHLTEVESRLERLEQLFLLIFPRE,0.54,1,K25Q
MKLLSSIEQACDICRLKKLKCSKEPPKCAKCLKNNWECRYSPKTKRSPLTRAHLTEVESRLERLEQLFLLIFPRE,-4.69,1,K25P
MKLLSSIEQACDICRLKKLKCSKESPKCAKCLKNNWECRYSPKTKRSPLTRAHLTEVESRLERLEQLFLLIFPRE,2.01,1,K25S
MKLLSSIEQACDICRLKKLKCSKERPKCAKCLKNNWECRYSPKTKRSPLTRAHLTEVESRLERLEQLFLLIFPRE,0.56,1,K25R
MKLLSSIEQACDICRLKKLKCSKETPKCAKCLKNNWECRYSPKTKRSPLTRAHLTEVESRLERLEQLFLLIFPRE,1.58,1,K25T
MKLLSSIEQACDICRLKKLKCSKEWPKCAKCLKNNWECRYSPKTKRSPLTRAHLTEVESRLERLEQLFLLIFPRE,2.09,1,K25W
MKLLSSIEQACDICRLKKLKCSKEVPKCAKCLKNNWECRYSPKTKRSPLTRAHLTEVESRLERLEQLFLLIFPRE,1.77,1,K25V
MKLLSSIEQACDICRLKKLKCSKEYPKCAKCLKNNWECRYSPKTKRSPLTRAHLTEVESRLERLEQLFLLIFPRE,2.26,1,K25Y
MKLLSSIEQACDICRLKKLKCSKEKAKCAKCLKNNWECRYSPKTKRSPLTRAHLTEVESRLERLEQLFLLIFPRE,-8.04,1,P26A
MKLLSSIEQACDICRLKKLKCSKEKCKCAKCLKNNWECRYSPKTKRSPLTRAHLTEVESRLERLEQLFLLIFPRE,-9.74,1,P26C
MKLLSSIEQACDICRLKKLKCSKEKEKCAKCLKNNWECRYSPKTKRSPLTRAHLTEVESRLERLEQLFLLIFPRE,-7.49,1,P26E
MKLLSSIEQACDICRLKKLKCSKEKDKCAKCLKNNWECRYSPKTKRSPLTRAHLTEVESRLERLEQLFLLIFPRE,-7.95,1,P26D
MKLLSSIEQACDICRLKKLKCSKEKGKCAKCLKNNWECRYSPKTKRSPLTRAHLTEVESRLERLEQLFLLIFPRE,-1.43,1,P26G
MKLLSSIEQACDICRLKKLKCSKEKFKCAKCLKNNWECRYSPKTKRSPLTRAHLTEVESRLERLEQLFLLIFPRE,-8.62,1,P26F
MKLLSSIEQACDICRLKKLKCSKEKIKCAKCLKNNWECRYSPKTKRSPLTRAHLTEVESRLERLEQLFLLIFPRE,-7.24,1,P26I
MKLLSSIEQACDICRLKKLKCSKEKHKCAKCLKNNWECRYSPKTKRSPLTRAHLTEVESRLERLEQLFLLIFPRE,-10.53,1,P26H
MKLLSSIEQACDICRLKKLKCSKEKMKCAKCLKNNWECRYSPKTKRSPLTRAHLTEVESRLERLEQLFLLIFPRE,-7.84,1,P26M
MKLLSSIEQACDICRLKKLKCSKEKLKCAKCLKNNWECRYSPKTKRSPLTRAHLTEVESRLERLEQLFLLIFPRE,-10.92,1,P26L
MKLLSSIEQACDICRLKKLKCSKEKNKCAKCLKNNWECRYSPKTKRSPLTRAHLTEVESRLERLEQLFLLIFPRE,-7.77,1,P26N
MKLLSSIEQACDICRLKKLKCSKEKQKCAKCLKNNWECRYSPKTKRSPLTRAHLTEVESRLERLEQLFLLIFPRE,-3.55,1,P26Q
MKLLSSIEQACDICRLKKLKCSKEKSKCAKCLKNNWECRYSPKTKRSPLTRAHLTEVESRLERLEQLFLLIFPRE,-2.3,1,P26S
MKLLSSIEQACDICRLKKLKCSKEKRKCAKCLKNNWECRYSPKTKRSPLTRAHLTEVESRLERLEQLFLLIFPRE,-9.39,1,P26R
MKLLSSIEQACDICRLKKLKCSKEKTKCAKCLKNNWECRYSPKTKRSPLTRAHLTEVESRLERLEQLFLLIFPRE,-3.59,1,P26T
MKLLSSIEQACDICRLKKLKCSKEKWKCAKCLKNNWECRYSPKTKRSPLTRAHLTEVESRLERLEQLFLLIFPRE,-9.43,1,P26W
MKLLSSIEQACDICRLKKLKCSKEKVKCAKCLKNNWECRYSPKTKRSPLTRAHLTEVESRLERLEQLFLLIFPRE,-7.63,1,P26V
MKLLSSIEQACDICRLKKLKCSKEKYKCAKCLKNNWECRYSPKTKRSPLTRAHLTEVESRLERLEQLFLLIFPRE,-8.71,1,P26Y
MKLLSSIEQACDICRLKKLKCSKEKPKAAKCLKNNWECRYSPKTKRSPLTRAHLTEVESRLERLEQLFLLIFPRE,-10.05,1,C28A
MKLLSSIEQACDICRLKKLKCSKEKPKEAKCLKNNWECRYSPKTKRSPLTRAHLTEVESRLERLEQLFLLIFPRE,-10.0,1,C28E
MKLLSSIEQACDICRLKKLKCSKEKPKDAKCLKNNWECRYSPKTKRSPLTRAHLTEVESRLERLEQLFLLIFPRE,-3.36,1,C28D
MKLLSSIEQACDICRLKKLKCSKEKPKGAKCLKNNWECRYSPKTKRSPLTRAHLTEVESRLERLEQLFLLIFPRE,-8.07,1,C28G
MKLLSSIEQACDICRLKKLKCSKEKPKFAKCLKNNWECRYSPKTKRSPLTRAHLTEVESRLERLEQLFLLIFPRE,-4.35,1,C28F
MKLLSSIEQACDICRLKKLKCSKEKPKIAKCLKNNWECRYSPKTKRSPLTRAHLTEVESRLERLEQLFLLIFPRE,-8.96,1,C28I
MKLLSSIEQACDICRLKKLKCSKEKPKMAKCLKNNWECRYSPKTKRSPLTRAHLTEVESRLERLEQLFLLIFPRE,-9.39,1,C28M
MKLLSSIEQACDICRLKKLKCSKEKPKLAKCLKNNWECRYSPKTKRSPLTRAHLTEVESRLERLEQLFLLIFPRE,-8.81,1,C28L
MKLLSSIEQACDICRLKKLKCSKEKPKNAKCLKNNWECRYSPKTKRSPLTRAHLTEVESRLERLEQLFLLIFPRE,-9.6,1,C28N
MKLLSSIEQACDICRLKKLKCSKEKPKQAKCLKNNWECRYSPKTKRSPLTRAHLTEVESRLERLEQLFLLIFPRE,-8.81,1,C28Q
MKLLSSIEQACDICRLKKLKCSKEKPKPAKCLKNNWECRYSPKTKRSPLTRAHLTEVESRLERLEQLFLLIFPRE,-4.79,1,C28P
MKLLSSIEQACDICRLKKLKCSKEKPKSAKCLKNNWECRYSPKTKRSPLTRAHLTEVESRLERLEQLFLLIFPRE,-3.47,1,C28S
MKLLSSIEQACDICRLKKLKCSKEKPKRAKCLKNNWECRYSPKTKRSPLTRAHLTEVESRLERLEQLFLLIFPRE,-3.98,1,C28R
MKLLSSIEQACDICRLKKLKCSKEKPKTAKCLKNNWECRYSPKTKRSPLTRAHLTEVESRLERLEQLFLLIFPRE,-8.81,1,C28T
MKLLSSIEQACDICRLKKLKCSKEKPKWAKCLKNNWECRYSPKTKRSPLTRAHLTEVESRLERLEQLFLLIFPRE,-9.17,1,C28W
MKLLSSIEQACDICRLKKLKCSKEKPKYAKCLKNNWECRYSPKTKRSPLTRAHLTEVESRLERLEQLFLLIFPRE,-7.9,1,C28Y
MKLLSSIEQACDICRLKKLKCSKEKPKCCKCLKNNWECRYSPKTKRSPLTRAHLTEVESRLERLEQLFLLIFPRE,-2.32,1,A29C
MKLLSSIEQACDICRLKKLKCSKEKPKCEKCLKNNWECRYSPKTKRSPLTRAHLTEVESRLERLEQLFLLIFPRE,0.56,1,A29E
MKLLSSIEQACDICRLKKLKCSKEKPKCDKCLKNNWECRYSPKTKRSPLTRAHLTEVESRLERLEQLFLLIFPRE,-3.09,1,A29D
MKLLSSIEQACDICRLKKLKCSKEKPKCGKCLKNNWECRYSPKTKRSPLTRAHLTEVESRLERLEQLFLLIFPRE,-1.23,1,A29G
MKLLSSIEQACDICRLKKLKCSKEKPKCFKCLKNNWECRYSPKTKRSPLTRAHLTEVESRLERLEQLFLLIFPRE,-3.17,1,A29F
MKLLSSIEQACDICRLKKLKCSKEKPKCIKCLKNNWECRYSPKTKRSPLTRAHLTEVESRLERLEQLFLLIFPRE,0.39,1,A29I
MKLLSSIEQACDICRLKKLKCSKEKPKCHKCLKNNWECRYSPKTKRSPLTRAHLTEVESRLERLEQLFLLIFPRE,-0.77,1,A29H
MKLLSSIEQACDICRLKKLKCSKEKPKCKKCLKNNWECRYSPKTKRSPLTRAHLTEVESRLERLEQLFLLIFPRE,0.25,1,A29K
MKLLSSIEQACDICRLKKLKCSKEKPKCMKCLKNNWECRYSPKTKRSPLTRAHLTEVESRLERLEQLFLLIFPRE,0.9,1,A29M
MKLLSSIEQACDICRLKKLKCSKEKPKCLKCLKNNWECRYSPKTKRSPLTRAHLTEVESRLERLEQLFLLIFPRE,-0.41,1,A29L
MKLLSSIEQACDICRLKKLKCSKEKPKCNKCLKNNWECRYSPKTKRSPLTRAHLTEVESRLERLEQLFLLIFPRE,-2.03,1,A29N
MKLLSSIEQACDICRLKKLKCSKEKPKCQKCLKNNWECRYSPKTKRSPLTRAHLTEVESRLERLEQLFLLIFPRE,0.59,1,A29Q
MKLLSSIEQACDICRLKKLKCSKEKPKCPKCLKNNWECRYSPKTKRSPLTRAHLTEVESRLERLEQLFLLIFPRE,-8.97,1,A29P
MKLLSSIEQACDICRLKKLKCSKEKPKCSKCLKNNWECRYSPKTKRSPLTRAHLTEVESRLERLEQLFLLIFPRE,-5.03,1,A29S
MKLLSSIEQACDICRLKKLKCSKEKPKCRKCLKNNWECRYSPKTKRSPLTRAHLTEVESRLERLEQLFLLIFPRE,0.82,1,A29R
MKLLSSIEQACDICRLKKLKCSKEKPKCTKCLKNNWECRYSPKTKRSPLTRAHLTEVESRLERLEQLFLLIFPRE,0.0,1,A29T
MKLLSSIEQACDICRLKKLKCSKEKPKCWKCLKNNWECRYSPKTKRSPLTRAHLTEVESRLERLEQLFLLIFPRE,1.03,1,A29W
MKLLSSIEQACDICRLKKLKCSKEKPKCVKCLKNNWECRYSPKTKRSPLTRAHLTEVESRLERLEQLFLLIFPRE,0.68,1,A29V
MKLLSSIEQACDICRLKKLKCSKEKPKCYKCLKNNWECRYSPKTKRSPLTRAHLTEVESRLERLEQLFLLIFPRE,-1.55,1,A29Y
MKLLSSIEQACDICRLKKLKCSKEKPKCAACLKNNWECRYSPKTKRSPLTRAHLTEVESRLERLEQLFLLIFPRE,-6.14,1,K30A
MKLLSSIEQACDICRLKKLKCSKEKPKCACCLKNNWECRYSPKTKRSPLTRAHLTEVESRLERLEQLFLLIFPRE,-4.02,1,K30C
MKLLSSIEQACDICRLKKLKCSKEKPKCAECLKNNWECRYSPKTKRSPLTRAHLTEVESRLERLEQLFLLIFPRE,-8.77,1,K30E
MKLLSSIEQACDICRLKKLKCSKEKPKCADCLKNNWECRYSPKTKRSPLTRAHLTEVESRLERLEQLFLLIFPRE,-4.68,1,K30D
MKLLSSIEQACDICRLKKLKCSKEKPKCAGCLKNNWECRYSPKTKRSPLTRAHLTEVESRLERLEQLFLLIFPRE,-8.37,1,K30G
MKLLSSIEQACDICRLKKLKCSKEKPKCAFCLKNNWECRYSPKTKRSPLTRAHLTEVESRLERLEQLFLLIFPRE,-4.89,1,K30F
MKLLSSIEQACDICRLKKLKCSKEKPKCAICLKNNWECRYSPKTKRSPLTRAHLTEVESRLERLEQLFLLIFPRE,-3.84,1,K30I
MKLLSSIEQACDICRLKKLKCSKEKPKCAHCLKNNWECRYSPKTKRSPLTRAHLTEVESRLERLEQLFLLIFPRE,-7.85,1,K30H
MKLLSSIEQACDICRLKKLKCSKEKPKCAMCLKNNWECRYSPKTKRSPLTRAHLTEVESRLERLEQLFLLIFPRE,-4.48,1,K30M
MKLLSSIEQACDICRLKKLKCSKEKPKCALCLKNNWECRYSPKTKRSPLTRAHLTEVESRLERLEQLFLLIFPRE,-4.07,1,K30L
MKLLSSIEQACDICRLKKLKCSKEKPKCANCLKNNWECRYSPKTKRSPLTRAHLTEVESRLERLEQLFLLIFPRE,-7.71,1,K30N
MKLLSSIEQACDICRLKKLKCSKEKPKCAQCLKNNWECRYSPKTKRSPLTRAHLTEVESRLERLEQLFLLIFPRE,-5.35,1,K30Q
MKLLSSIEQACDICRLKKLKCSKEKPKCAPCLKNNWECRYSPKTKRSPLTRAHLTEVESRLERLEQLFLLIFPRE,-5.97,1,K30P
MKLLSSIEQACDICRLKKLKCSKEKPKCASCLKNNWECRYSPKTKRSPLTRAHLTEVESRLERLEQLFLLIFPRE,-6.67,1,K30S
MKLLSSIEQACDICRLKKLKCSKEKPKCARCLKNNWECRYSPKTKRSPLTRAHLTEVESRLERLEQLFLLIFPRE,-1.46,1,K30R
MKLLSSIEQACDICRLKKLKCSKEKPKCATCLKNNWECRYSPKTKRSPLTRAHLTEVESRLERLEQLFLLIFPRE,-3.35,1,K30T
MKLLSSIEQACDICRLKKLKCSKEKPKCAWCLKNNWECRYSPKTKRSPLTRAHLTEVESRLERLEQLFLLIFPRE,-9.06,1,K30W
MKLLSSIEQACDICRLKKLKCSKEKPKCAVCLKNNWECRYSPKTKRSPLTRAHLTEVESRLERLEQLFLLIFPRE,-8.68,1,K30V
MKLLSSIEQACDICRLKKLKCSKEKPKCAYCLKNNWECRYSPKTKRSPLTRAHLTEVESRLERLEQLFLLIFPRE,-6.18,1,K30Y
MKLLSSIEQACDICRLKKLKCSKEKPKCAKALKNNWECRYSPKTKRSPLTRAHLTEVESRLERLEQLFLLIFPRE,-6.56,1,C31A
MKLLSSIEQACDICRLKKLKCSKEKPKCAKELKNNWECRYSPKTKRSPLTRAHLTEVESRLERLEQLFLLIFPRE,-7.1,1,C31E
MKLLSSIEQACDICRLKKLKCSKEKPKCAKDLKNNWECRYSPKTKRSPLTRAHLTEVESRLERLEQLFLLIFPRE,-9.14,1,C31D
MKLLSSIEQACDICRLKKLKCSKEKPKCAKGLKNNWECRYSPKTKRSPLTRAHLTEVESRLERLEQLFLLIFPRE,-4.49,1,C31G
MKLLSSIEQACDICRLKKLKCSKEKPKCAKFLKNNWECRYSPKTKRSPLTRAHLTEVESRLERLEQLFLLIFPRE,-5.64,1,C31F
MKLLSSIEQACDICRLKKLKCSKEKPKCAKILKNNWECRYSPKTKRSPLTRAHLTEVESRLERLEQLFLLIFPRE,-4.38,1,C31I
MKLLSSIEQACDICRLKKLKCSKEKPKCAKHLKNNWECRYSPKTKRSPLTRAHLTEVESRLERLEQLFLLIFPRE,-7.24,1,C31H
MKLLSSIEQACDICRLKKLKCSKEKPKCAKKLKNNWECRYSPKTKRSPLTRAHLTEVESRLERLEQLFLLIFPRE,-8.51,1,C31K
MKLLSSIEQACDICRLKKLKCSKEKPKCAKMLKNNWECRYSPKTKRSPLTRAHLTEVESRLERLEQLFLLIFPRE,-4.45,1,C31M
MKLLSSIEQACDICRLKKLKCSKEKPKCAKLLKNNWECRYSPKTKRSPLTRAHLTEVESRLERLEQLFLLIFPRE,-9.39,1,C31L
MKLLSSIEQACDICRLKKLKCSKEKPKCAKNLKNNWECRYSPKTKRSPLTRAHLTEVESRLERLEQLFLLIFPRE,-4.41,1,C31N
MKLLSSIEQACDICRLKKLKCSKEKPKCAKQLKNNWECRYSPKTKRSPLTRAHLTEVESRLERLEQLFLLIFPRE,-9.54,1,C31Q
MKLLSSIEQACDICRLKKLKCSKEKPKCAKPLKNNWECRYSPKTKRSPLTRAHLTEVESRLERLEQLFLLIFPRE,-9.0,1,C31P
MKLLSSIEQACDICRLKKLKCSKEKPKCAKSLKNNWECRYSPKTKRSPLTRAHLTEVESRLERLEQLFLLIFPRE,-8.45,1,C31S
MKLLSSIEQACDICRLKKLKCSKEKPKCAKRLKNNWECRYSPKTKRSPLTRAHLTEVESRLERLEQLFLLIFPRE,-8.57,1,C31R
MKLLSSIEQACDICRLKKLKCSKEKPKCAKTLKNNWECRYSPKTKRSPLTRAHLTEVESRLERLEQLFLLIFPRE,-4.51,1,C31T
MKLLSSIEQACDICRLKKLKCSKEKPKCAKWLKNNWECRYSPKTKRSPLTRAHLTEVESRLERLEQLFLLIFPRE,-3.68,1,C31W
MKLLSSIEQACDICRLKKLKCSKEKPKCAKVLKNNWECRYSPKTKRSPLTRAHLTEVESRLERLEQLFLLIFPRE,-6.83,1,C31V
MKLLSSIEQACDICRLKKLKCSKEKPKCAKYLKNNWECRYSPKTKRSPLTRAHLTEVESRLERLEQLFLLIFPRE,-5.69,1,C31Y
MKLLSSIEQACDICRLKKLKCSKEKPKCAKCAKNNWECRYSPKTKRSPLTRAHLTEVESRLERLEQLFLLIFPRE,0.78,1,L32A
MKLLSSIEQACDICRLKKLKCSKEKPKCAKCCKNNWECRYSPKTKRSPLTRAHLTEVESRLERLEQLFLLIFPRE,-0.11,1,L32C
MKLLSSIEQACDICRLKKLKCSKEKPKCAKCEKNNWECRYSPKTKRSPLTRAHLTEVESRLERLEQLFLLIFPRE,-0.17,1,L32E
MKLLSSIEQACDICRLKKLKCSKEKPKCAKCDKNNWECRYSPKTKRSPLTRAHLTEVESRLERLEQLFLLIFPRE,0.44,1,L32D
MKLLSSIEQACDICRLKKLKCSKEKPKCAKCGKNNWECRYSPKTKRSPLTRAHLTEVESRLERLEQLFLLIFPRE,0.22,1,L32G
MKLLSSIEQACDICRLKKLKCSKEKPKCAKCFKNNWECRYSPKTKRSPLTRAHLTEVESRLERLEQLFLLIFPRE,0.92,1,L32F
MKLLSSIEQACDICRLKKLKCSKEKPKCAKCIKNNWECRYSPKTKRSPLTRAHLTEVESRLERLEQLFLLIFPRE,-0.59,1,L32I
MKLLSSIEQACDICRLKKLKCSKEKPKCAKCHKNNWECRYSPKTKRSPLTRAHLTEVESRLERLEQLFLLIFPRE,0.44,1,L32H
MKLLSSIEQACDICRLKKLKCSKEKPKCAKCKKNNWECRYSPKTKRSPLTRAHLTEVESRLERLEQLFLLIFPRE,0.26,1,L32K
MKLLSSIEQACDICRLKKLKCSKEKPKCAKCMKNNWECRYSPKTKRSPLTRAHLTEVESRLERLEQLFLLIFPRE,0.6,1,L32M
MKLLSSIEQACDICRLKKLKCSKEKPKCAKCNKNNWECRYSPKTKRSPLTRAHLTEVESRLERLEQLFLLIFPRE,0.29,1,L32N
MKLLSSIEQACDICRLKKLKCSKEKPKCAKCQKNNWECRYSPKTKRSPLTRAHLTEVESRLERLEQLFLLIFPRE,-0.58,1,L32Q
MKLLSSIEQACDICRLKKLKCSKEKPKCAKCPKNNWECRYSPKTKRSPLTRAHLTEVESRLERLEQLFLLIFPRE,-6.59,1,L32P
MKLLSSIEQACDICRLKKLKCSKEKPKCAKCSKNNWECRYSPKTKRSPLTRAHLTEVESRLERLEQLFLLIFPRE,-0.37,1,L32S
MKLLSSIEQACDICRLKKLKCSKEKPKCAKCRKNNWECRYSPKTKRSPLTRAHLTEVESRLERLEQLFLLIFPRE,0.84,1,L32R
MKLLSSIEQACDICRLKKLKCSKEKPKCAKCTKNNWECRYSPKTKRSPLTRAHLTEVESRLERLEQLFLLIFPRE,-0.53,1,L32T
MKLLSSIEQACDICRLKKLKCSKEKPKCAKCWKNNWECRYSPKTKRSPLTRAHLTEVESRLERLEQLFLLIFPRE,0.53,1,L32W
MKLLSSIEQACDICRLKKLKCSKEKPKCAKCVKNNWECRYSPKTKRSPLTRAHLTEVESRLERLEQLFLLIFPRE,-0.49,1,L32V
MKLLSSIEQACDICRLKKLKCSKEKPKCAKCYKNNWECRYSPKTKRSPLTRAHLTEVESRLERLEQLFLLIFPRE,0.68,1,L32Y
MKLLSSIEQACDICRLKKLKCSKEKPKCAKCLANNWECRYSPKTKRSPLTRAHLTEVESRLERLEQLFLLIFPRE,-2.48,1,K33A
MKLLSSIEQACDICRLKKLKCSKEKPKCAKCLCNNWECRYSPKTKRSPLTRAHLTEVESRLERLEQLFLLIFPRE,-4.06,1,K33C
MKLLSSIEQACDICRLKKLKCSKEKPKCAKCLENNWECRYSPKTKRSPLTRAHLTEVESRLERLEQLFLLIFPRE,-3.09,1,K33E
MKLLSSIEQACDICRLKKLKCSKEKPKCAKCLDNNWECRYSPKTKRSPLTRAHLTEVESRLERLEQLFLLIFPRE,-7.03,1,K33D
MKLLSSIEQACDICRLKKLKCSKEKPKCAKCLGNNWECRYSPKTKRSPLTRAHLTEVESRLERLEQLFLLIFPRE,-2.32,1,K33G
MKLLSSIEQACDICRLKKLKCSKEKPKCAKCLFNNWECRYSPKTKRSPLTRAHLTEVESRLERLEQLFLLIFPRE,-3.08,1,K33F
MKLLSSIEQACDICRLKKLKCSKEKPKCAKCLINNWECRYSPKTKRSPLTRAHLTEVESRLERLEQLFLLIFPRE,-2.96,1,K33I
MKLLSSIEQACDICRLKKLKCSKEKPKCAKCLHNNWECRYSPKTKRSPLTRAHLTEVESRLERLEQLFLLIFPRE,-2.68,1,K33H
MKLLSSIEQACDICRLKKLKCSKEKPKCAKCLMNNWECRYSPKTKRSPLTRAHLTEVESRLERLEQLFLLIFPRE,-1.85,1,K33M
MKLLSSIEQACDICRLKKLKCSKEKPKCAKCLLNNWECRYSPKTKRSPLTRAHLTEVESRLERLEQLFLLIFPRE,-4.48,1,K33L
MKLLSSIEQACDICRLKKLKCSKEKPKCAKCLNNNWECRYSPKTKRSPLTRAHLTEVESRLERLEQLFLLIFPRE,-1.05,1,K33N
MKLLSSIEQACDICRLKKLKCSKEKPKCAKCLQNNWECRYSPKTKRSPLTRAHLTEVESRLERLEQLFLLIFPRE,-1.5,1,K33Q
MKLLSSIEQACDICRLKKLKCSKEKPKCAKCLPNNWECRYSPKTKRSPLTRAHLTEVESRLERLEQLFLLIFPRE,-8.59,1,K33P
MKLLSSIEQACDICRLKKLKCSKEKPKCAKCLSNNWECRYSPKTKRSPLTRAHLTEVESRLERLEQLFLLIFPRE,-2.74,1,K33S
MKLLSSIEQACDICRLKKLKCSKEKPKCAKCLRNNWECRYSPKTKRSPLTRAHLTEVESRLERLEQLFLLIFPRE,0.83,1,K33R
MKLLSSIEQACDICRLKKLKCSKEKPKCAKCLTNNWECRYSPKTKRSPLTRAHLTEVESRLERLEQLFLLIFPRE,-0.99,1,K33T
MKLLSSIEQACDICRLKKLKCSKEKPKCAKCLWNNWECRYSPKTKRSPLTRAHLTEVESRLERLEQLFLLIFPRE,-4.1,1,K33W
MKLLSSIEQACDICRLKKLKCSKEKPKCAKCLVNNWECRYSPKTKRSPLTRAHLTEVESRLERLEQLFLLIFPRE,-2.59,1,K33V
MKLLSSIEQACDICRLKKLKCSKEKPKCAKCLYNNWECRYSPKTKRSPLTRAHLTEVESRLERLEQLFLLIFPRE,-3.21,1,K33Y
MKLLSSIEQACDICRLKKLKCSKEKPKCAKCLKANWECRYSPKTKRSPLTRAHLTEVESRLERLEQLFLLIFPRE,-1.79,1,N34A
MKLLSSIEQACDICRLKKLKCSKEKPKCAKCLKCNWECRYSPKTKRSPLTRAHLTEVESRLERLEQLFLLIFPRE,-1.34,1,N34C
MKLLSSIEQACDICRLKKLKCSKEKPKCAKCLKENWECRYSPKTKRSPLTRAHLTEVESRLERLEQLFLLIFPRE,-3.12,1,N34E
MKLLSSIEQACDICRLKKLKCSKEKPKCAKCLKDNWECRYSPKTKRSPLTRAHLTEVESRLERLEQLFLLIFPRE,-4.76,1,N34D
MKLLSSIEQACDICRLKKLKCSKEKPKCAKCLKGNWECRYSPKTKRSPLTRAHLTEVESRLERLEQLFLLIFPRE,-0.77,1,N34G
MKLLSSIEQACDICRLKKLKCSKEKPKCAKCLKFNWECRYSPKTKRSPLTRAHLTEVESRLERLEQLFLLIFPRE,-2.94,1,N34F
MKLLSSIEQACDICRLKKLKCSKEKPKCAKCLKINWECRYSPKTKRSPLTRAHLTEVESRLERLEQLFLLIFPRE,-8.82,1,N34I
MKLLSSIEQACDICRLKKLKCSKEKPKCAKCLKHNWECRYSPKTKRSPLTRAHLTEVESRLERLEQLFLLIFPRE,-1.35,1,N34H
MKLLSSIEQACDICRLKKLKCSKEKPKCAKCLKKNWECRYSPKTKRSPLTRAHLTEVESRLERLEQLFLLIFPRE,-1.94,1,N34K
MKLLSSIEQACDICRLKKLKCSKEKPKCAKCLKMNWECRYSPKTKRSPLTRAHLTEVESRLERLEQLFLLIFPRE,-2.84,1,N34M
MKLLSSIEQACDICRLKKLKCSKEKPKCAKCLKLNWECRYSPKTKRSPLTRAHLTEVESRLERLEQLFLLIFPRE,-1.59,1,N34L
MKLLSSIEQACDICRLKKLKCSKEKPKCAKCLKQNWECRYSPKTKRSPLTRAHLTEVESRLERLEQLFLLIFPRE,-0.25,1,N34Q
MKLLSSIEQACDICRLKKLKCSKEKPKCAKCLKPNWECRYSPKTKRSPLTRAHLTEVESRLERLEQLFLLIFPRE,-9.23,1,N34P
MKLLSSIEQACDICRLKKLKCSKEKPKCAKCLKSNWECRYSPKTKRSPLTRAHLTEVESRLERLEQLFLLIFPRE,0.55,1,N34S
MKLLSSIEQACDICRLKKLKCSKEKPKCAKCLKRNWECRYSPKTKRSPLTRAHLTEVESRLERLEQLFLLIFPRE,-0.64,1,N34R
MKLLSSIEQACDICRLKKLKCSKEKPKCAKCLKTNWECRYSPKTKRSPLTRAHLTEVESRLERLEQLFLLIFPRE,-4.17,1,N34T
MKLLSSIEQACDICRLKKLKCSKEKPKCAKCLKWNWECRYSPKTKRSPLTRAHLTEVESRLERLEQLFLLIFPRE,-9.0,1,N34W
MKLLSSIEQACDICRLKKLKCSKEKPKCAKCLKVNWECRYSPKTKRSPLTRAHLTEVESRLERLEQLFLLIFPRE,-7.36,1,N34V
MKLLSSIEQACDICRLKKLKCSKEKPKCAKCLKYNWECRYSPKTKRSPLTRAHLTEVESRLERLEQLFLLIFPRE,-1.89,1,N34Y
MKLLSSIEQACDICRLKKLKCSKEKPKCAKCLKNAWECRYSPKTKRSPLTRAHLTEVESRLERLEQLFLLIFPRE,-0.43,1,N35A
MKLLSSIEQACDICRLKKLKCSKEKPKCAKCLKNCWECRYSPKTKRSPLTRAHLTEVESRLERLEQLFLLIFPRE,0.5,1,N35C
MKLLSSIEQACDICRLKKLKCSKEKPKCAKCLKNEWECRYSPKTKRSPLTRAHLTEVESRLERLEQLFLLIFPRE,0.74,1,N35E
MKLLSSIEQACDICRLKKLKCSKEKPKCAKCLKNDWECRYSPKTKRSPLTRAHLTEVESRLERLEQLFLLIFPRE,-0.68,1,N35D
MKLLSSIEQACDICRLKKLKCSKEKPKCAKCLKNGWECRYSPKTKRSPLTRAHLTEVESRLERLEQLFLLIFPRE,-0.09,1,N35G
MKLLSSIEQACDICRLKKLKCSKEKPKCAKCLKNFWECRYSPKTKRSPLTRAHLTEVESRLERLEQLFLLIFPRE,0.41,1,N35F
MKLLSSIEQACDICRLKKLKCSKEKPKCAKCLKNIWECRYSPKTKRSPLTRAHLTEVESRLERLEQLFLLIFPRE,-2.91,1,N35I
MKLLSSIEQACDICRLKKLKCSKEKPKCAKCLKNHWECRYSPKTKRSPLTRAHLTEVESRLERLEQLFLLIFPRE,-1.22,1,N35H
MKLLSSIEQACDICRLKKLKCSKEKPKCAKCLKNKWECRYSPKTKRSPLTRAHLTEVESRLERLEQLFLLIFPRE,-0.15,1,N35K
MKLLSSIEQACDICRLKKLKCSKEKPKCAKCLKNMWECRYSPKTKRSPLTRAHLTEVESRLERLEQLFLLIFPRE,0.48,1,N35M
MKLLSSIEQACDICRLKKLKCSKEKPKCAKCLKNLWECRYSPKTKRSPLTRAHLTEVESRLERLEQLFLLIFPRE,-1.01,1,N35L
MKLLSSIEQACDICRLKKLKCSKEKPKCAKCLKNQWECRYSPKTKRSPLTRAHLTEVESRLERLEQLFLLIFPRE,0.76,1,N35Q
MKLLSSIEQACDICRLKKLKCSKEKPKCAKCLKNPWECRYSPKTKRSPLTRAHLTEVESRLERLEQLFLLIFPRE,-8.72,1,N35P
MKLLSSIEQACDICRLKKLKCSKEKPKCAKCLKNSWECRYSPKTKRSPLTRAHLTEVESRLERLEQLFLLIFPRE,-0.53,1,N35S
MKLLSSIEQACDICRLKKLKCSKEKPKCAKCLKNRWECRYSPKTKRSPLTRAHLTEVESRLERLEQLFLLIFPRE,-0.98,1,N35R
MKLLSSIEQACDICRLKKLKCSKEKPKCAKCLKNTWECRYSPKTKRSPLTRAHLTEVESRLERLEQLFLLIFPRE,0.42,1,N35T
MKLLSSIEQACDICRLKKLKCSKEKPKCAKCLKNWWECRYSPKTKRSPLTRAHLTEVESRLERLEQLFLLIFPRE,-8.58,1,N35W
MKLLSSIEQACDICRLKKLKCSKEKPKCAKCLKNVWECRYSPKTKRSPLTRAHLTEVESRLERLEQLFLLIFPRE,-1.17,1,N35V
MKLLSSIEQACDICRLKKLKCSKEKPKCAKCLKNYWECRYSPKTKRSPLTRAHLTEVESRLERLEQLFLLIFPRE,-1.04,1,N35Y
MKLLSSIEQACDICRLKKLKCSKEKPKCAKCLKNNAECRYSPKTKRSPLTRAHLTEVESRLERLEQLFLLIFPRE,0.89,1,W36A
MKLLSSIEQACDICRLKKLKCSKEKPKCAKCLKNNCECRYSPKTKRSPLTRAHLTEVESRLERLEQLFLLIFPRE,-4.8,1,W36C
MKLLSSIEQACDICRLKKLKCSKEKPKCAKCLKNNEECRYSPKTKRSPLTRAHLTEVESRLERLEQLFLLIFPRE,-3.93,1,W36E
MKLLSSIEQACDICRLKKLKCSKEKPKCAKCLKNNDECRYSPKTKRSPLTRAHLTEVESRLERLEQLFLLIFPRE,-2.82,1,W36D
MKLLSSIEQACDICRLKKLKCSKEKPKCAKCLKNNGECRYSPKTKRSPLTRAHLTEVESRLERLEQLFLLIFPRE,-0.48,1,W36G
MKLLSSIEQACDICRLKKLKCSKEKPKCAKCLKNNFECRYSPKTKRSPLTRAHLTEVESRLERLEQLFLLIFPRE,0.16,1,W36F
MKLLSSIEQACDICRLKKLKCSKEKPKCAKCLKNNIECRYSPKTKRSPLTRAHLTEVESRLERLEQLFLLIFPRE,0.48,1,W36I
MKLLSSIEQACDICRLKKLKCSKEKPKCAKCLKNNHECRYSPKTKRSPLTRAHLTEVESRLERLEQLFLLIFPRE,-0.14,1,W36H
MKLLSSIEQACDICRLKKLKCSKEKPKCAKCLKNNKECRYSPKTKRSPLTRAHLTEVESRLERLEQLFLLIFPRE,-0.5,1,W36K
MKLLSSIEQACDICRLKKLKCSKEKPKCAKCLKNNMECRYSPKTKRSPLTRAHLTEVESRLERLEQLFLLIFPRE,-0.7,1,W36M
MKLLSSIEQACDICRLKKLKCSKEKPKCAKCLKNNLECRYSPKTKRSPLTRAHLTEVESRLERLEQLFLLIFPRE,0.74,1,W36L
MKLLSSIEQACDICRLKKLKCSKEKPKCAKCLKNNNECRYSPKTKRSPLTRAHLTEVESRLERLEQLFLLIFPRE,-1.11,1,W36N
MKLLSSIEQACDICRLKKLKCSKEKPKCAKCLKNNQECRYSPKTKRSPLTRAHLTEVESRLERLEQLFLLIFPRE,0.31,1,W36Q
MKLLSSIEQACDICRLKKLKCSKEKPKCAKCLKNNPECRYSPKTKRSPLTRAHLTEVESRLERLEQLFLLIFPRE,-4.67,1,W36P
MKLLSSIEQACDICRLKKLKCSKEKPKCAKCLKNNSECRYSPKTKRSPLTRAHLTEVESRLERLEQLFLLIFPRE,0.2,1,W36S
MKLLSSIEQACDICRLKKLKCSKEKPKCAKCLKNNRECRYSPKTKRSPLTRAHLTEVESRLERLEQLFLLIFPRE,0.21,1,W36R
MKLLSSIEQACDICRLKKLKCSKEKPKCAKCLKNNTECRYSPKTKRSPLTRAHLTEVESRLERLEQLFLLIFPRE,-1.03,1,W36T
MKLLSSIEQACDICRLKKLKCSKEKPKCAKCLKNNVECRYSPKTKRSPLTRAHLTEVESRLERLEQLFLLIFPRE,0.59,1,W36V
MKLLSSIEQACDICRLKKLKCSKEKPKCAKCLKNNYECRYSPKTKRSPLTRAHLTEVESRLERLEQLFLLIFPRE,0.63,1,W36Y
MKLLSSIEQACDICRLKKLKCSKEKPKCAKCLKNNWACRYSPKTKRSPLTRAHLTEVESRLERLEQLFLLIFPRE,-0.35,1,E37A
MKLLSSIEQACDICRLKKLKCSKEKPKCAKCLKNNWCCRYSPKTKRSPLTRAHLTEVESRLERLEQLFLLIFPRE,-0.24,1,E37C
MKLLSSIEQACDICRLKKLKCSKEKPKCAKCLKNNWDCRYSPKTKRSPLTRAHLTEVESRLERLEQLFLLIFPRE,0.45,1,E37D
MKLLSSIEQACDICRLKKLKCSKEKPKCAKCLKNNWGCRYSPKTKRSPLTRAHLTEVESRLERLEQLFLLIFPRE,-1.37,1,E37G
MKLLSSIEQACDICRLKKLKCSKEKPKCAKCLKNNWFCRYSPKTKRSPLTRAHLTEVESRLERLEQLFLLIFPRE,-3.48,1,E37F
MKLLSSIEQACDICRLKKLKCSKEKPKCAKCLKNNWICRYSPKTKRSPLTRAHLTEVESRLERLEQLFLLIFPRE,-3.46,1,E37I
MKLLSSIEQACDICRLKKLKCSKEKPKCAKCLKNNWHCRYSPKTKRSPLTRAHLTEVESRLERLEQLFLLIFPRE,-1.38,1,E37H
MKLLSSIEQACDICRLKKLKCSKEKPKCAKCLKNNWKCRYSPKTKRSPLTRAHLTEVESRLERLEQLFLLIFPRE,-2.05,1,E37K
MKLLSSIEQACDICRLKKLKCSKEKPKCAKCLKNNWMCRYSPKTKRSPLTRAHLTEVESRLERLEQLFLLIFPRE,-2.18,1,E37M
MKLLSSIEQACDICRLKKLKCSKEKPKCAKCLKNNWLCRYSPKTKRSPLTRAHLTEVESRLERLEQLFLLIFPRE,-1.69,1,E37L
MKLLSSIEQACDICRLKKLKCSKEKPKCAKCLKNNWNCRYSPKTKRSPLTRAHLTEVESRLERLEQLFLLIFPRE,0.04,1,E37N
MKLLSSIEQACDICRLKKLKCSKEKPKCAKCLKNNWQCRYSPKTKRSPLTRAHLTEVESRLERLEQLFLLIFPRE,-1.98,1,E37Q
MKLLSSIEQACDICRLKKLKCSKEKPKCAKCLKNNWPCRYSPKTKRSPLTRAHLTEVESRLERLEQLFLLIFPRE,0.35,1,E37P
MKLLSSIEQACDICRLKKLKCSKEKPKCAKCLKNNWSCRYSPKTKRSPLTRAHLTEVESRLERLEQLFLLIFPRE,0.62,1,E37S
MKLLSSIEQACDICRLKKLKCSKEKPKCAKCLKNNWRCRYSPKTKRSPLTRAHLTEVESRLERLEQLFLLIFPRE,-1.13,1,E37R
MKLLSSIEQACDICRLKKLKCSKEKPKCAKCLKNNWTCRYSPKTKRSPLTRAHLTEVESRLERLEQLFLLIFPRE,-0.25,1,E37T
MKLLSSIEQACDICRLKKLKCSKEKPKCAKCLKNNWWCRYSPKTKRSPLTRAHLTEVESRLERLEQLFLLIFPRE,-7.92,1,E37W
MKLLSSIEQACDICRLKKLKCSKEKPKCAKCLKNNWVCRYSPKTKRSPLTRAHLTEVESRLERLEQLFLLIFPRE,0.42,1,E37V
MKLLSSIEQACDICRLKKLKCSKEKPKCAKCLKNNWYCRYSPKTKRSPLTRAHLTEVESRLERLEQLFLLIFPRE,-5.6,1,E37Y
MKLLSSIEQACDICRLKKLKCSKEKPKCAKCLKNNWEARYSPKTKRSPLTRAHLTEVESRLERLEQLFLLIFPRE,-3.87,1,C38A
MKLLSSIEQACDICRLKKLKCSKEKPKCAKCLKNNWEERYSPKTKRSPLTRAHLTEVESRLERLEQLFLLIFPRE,-8.87,1,C38E
MKLLSSIEQACDICRLKKLKCSKEKPKCAKCLKNNWEDRYSPKTKRSPLTRAHLTEVESRLERLEQLFLLIFPRE,-3.08,1,C38D
MKLLSSIEQACDICRLKKLKCSKEKPKCAKCLKNNWEGRYSPKTKRSPLTRAHLTEVESRLERLEQLFLLIFPRE,-4.86,1,C38G
MKLLSSIEQACDICRLKKLKCSKEKPKCAKCLKNNWEFRYSPKTKRSPLTRAHLTEVESRLERLEQLFLLIFPRE,-5.2,1,C38F
MKLLSSIEQACDICRLKKLKCSKEKPKCAKCLKNNWEIRYSPKTKRSPLTRAHLTEVESRLERLEQLFLLIFPRE,-8.61,1,C38I
MKLLSSIEQACDICRLKKLKCSKEKPKCAKCLKNNWEHRYSPKTKRSPLTRAHLTEVESRLERLEQLFLLIFPRE,-8.4,1,C38H
MKLLSSIEQACDICRLKKLKCSKEKPKCAKCLKNNWEKRYSPKTKRSPLTRAHLTEVESRLERLEQLFLLIFPRE,-10.17,1,C38K
MKLLSSIEQACDICRLKKLKCSKEKPKCAKCLKNNWEMRYSPKTKRSPLTRAHLTEVESRLERLEQLFLLIFPRE,-4.62,1,C38M
MKLLSSIEQACDICRLKKLKCSKEKPKCAKCLKNNWELRYSPKTKRSPLTRAHLTEVESRLERLEQLFLLIFPRE,-8.94,1,C38L
MKLLSSIEQACDICRLKKLKCSKEKPKCAKCLKNNWENRYSPKTKRSPLTRAHLTEVESRLERLEQLFLLIFPRE,-8.54,1,C38N
MKLLSSIEQACDICRLKKLKCSKEKPKCAKCLKNNWEQRYSPKTKRSPLTRAHLTEVESRLERLEQLFLLIFPRE,-3.58,1,C38Q
MKLLSSIEQACDICRLKKLKCSKEKPKCAKCLKNNWEPRYSPKTKRSPLTRAHLTEVESRLERLEQLFLLIFPRE,-11.35,1,C38P
MKLLSSIEQACDICRLKKLKCSKEKPKCAKCLKNNWESRYSPKTKRSPLTRAHLTEVESRLERLEQLFLLIFPRE,-5.76,1,C38S
MKLLSSIEQACDICRLKKLKCSKEKPKCAKCLKNNWERRYSPKTKRSPLTRAHLTEVESRLERLEQLFLLIFPRE,-9.05,1,C38R
MKLLSSIEQACDICRLKKLKCSKEKPKCAKCLKNNWETRYSPKTKRSPLTRAHLTEVESRLERLEQLFLLIFPRE,-8.55,1,C38T
MKLLSSIEQACDICRLKKLKCSKEKPKCAKCLKNNWEWRYSPKTKRSPLTRAHLTEVESRLERLEQLFLLIFPRE,-9.14,1,C38W
MKLLSSIEQACDICRLKKLKCSKEKPKCAKCLKNNWEVRYSPKTKRSPLTRAHLTEVESRLERLEQLFLLIFPRE,-8.51,1,C38V
MKLLSSIEQACDICRLKKLKCSKEKPKCAKCLKNNWEYRYSPKTKRSPLTRAHLTEVESRLERLEQLFLLIFPRE,-3.15,1,C38Y
MKLLSSIEQACDICRLKKLKCSKEKPKCAKCLKNNWECAYSPKTKRSPLTRAHLTEVESRLERLEQLFLLIFPRE,0.32,1,R39A
MKLLSSIEQACDICRLKKLKCSKEKPKCAKCLKNNWECCYSPKTKRSPLTRAHLTEVESRLERLEQLFLLIFPRE,1.0,1,R39C
MKLLSSIEQACDICRLKKLKCSKEKPKCAKCLKNNWECEYSPKTKRSPLTRAHLTEVESRLERLEQLFLLIFPRE,0.77,1,R39E
MKLLSSIEQACDICRLKKLKCSKEKPKCAKCLKNNWECDYSPKTKRSPLTRAHLTEVESRLERLEQLFLLIFPRE,-3.25,1,R39D
MKLLSSIEQACDICRLKKLKCSKEKPKCAKCLKNNWECGYSPKTKRSPLTRAHLTEVESRLERLEQLFLLIFPRE,0.26,1,R39G
MKLLSSIEQACDICRLKKLKCSKEKPKCAKCLKNNWECFYSPKTKRSPLTRAHLTEVESRLERLEQLFLLIFPRE,0.63,1,R39F
MKLLSSIEQACDICRLKKLKCSKEKPKCAKCLKNNWECIYSPKTKRSPLTRAHLTEVESRLERLEQLFLLIFPRE,0.69,1,R39I
MKLLSSIEQACDICRLKKLKCSKEKPKCAKCLKNNWECHYSPKTKRSPLTRAHLTEVESRLERLEQLFLLIFPRE,-0.1,1,R39H
MKLLSSIEQACDICRLKKLKCSKEKPKCAKCLKNNWECKYSPKTKRSPLTRAHLTEVESRLERLEQLFLLIFPRE,-0.8,1,R39K
MKLLSSIEQACDICRLKKLKCSKEKPKCAKCLKNNWECMYSPKTKRSPLTRAHLTEVESRLERLEQLFLLIFPRE,2.23,1,R39M
MKLLSSIEQACDICRLKKLKCSKEKPKCAKCLKNNWECLYSPKTKRSPLTRAHLTEVESRLERLEQLFLLIFPRE,1.36,1,R39L
MKLLSSIEQACDICRLKKLKCSKEKPKCAKCLKNNWECNYSPKTKRSPLTRAHLTEVESRLERLEQLFLLIFPRE,1.98,1,R39N
MKLLSSIEQACDICRLKKLKCSKEKPKCAKCLKNNWECQYSPKTKRSPLTRAHLTEVESRLERLEQLFLLIFPRE,0.3,1,R39Q
MKLLSSIEQACDICRLKKLKCSKEKPKCAKCLKNNWECPYSPKTKRSPLTRAHLTEVESRLERLEQLFLLIFPRE,-4.84,1,R39P
MKLLSSIEQACDICRLKKLKCSKEKPKCAKCLKNNWECSYSPKTKRSPLTRAHLTEVESRLERLEQLFLLIFPRE,0.02,1,R39S
MKLLSSIEQACDICRLKKLKCSKEKPKCAKCLKNNWECTYSPKTKRSPLTRAHLTEVESRLERLEQLFLLIFPRE,1.48,1,R39T
MKLLSSIEQACDICRLKKLKCSKEKPKCAKCLKNNWECWYSPKTKRSPLTRAHLTEVESRLERLEQLFLLIFPRE,-1.23,1,R39W
MKLLSSIEQACDICRLKKLKCSKEKPKCAKCLKNNWECVYSPKTKRSPLTRAHLTEVESRLERLEQLFLLIFPRE,-1.72,1,R39V
MKLLSSIEQACDICRLKKLKCSKEKPKCAKCLKNNWECYYSPKTKRSPLTRAHLTEVESRLERLEQLFLLIFPRE,0.59,1,R39Y
MKLLSSIEQACDICRLKKLKCSKEKPKCAKCLKNNWECRASPKTKRSPLTRAHLTEVESRLERLEQLFLLIFPRE,-6.18,1,Y40A
MKLLSSIEQACDICRLKKLKCSKEKPKCAKCLKNNWECRCSPKTKRSPLTRAHLTEVESRLERLEQLFLLIFPRE,-8.78,1,Y40C
MKLLSSIEQACDICRLKKLKCSKEKPKCAKCLKNNWECRESPKTKRSPLTRAHLTEVESRLERLEQLFLLIFPRE,-5.52,1,Y40E
MKLLSSIEQACDICRLKKLKCSKEKPKCAKCLKNNWECRDSPKTKRSPLTRAHLTEVESRLERLEQLFLLIFPRE,-8.63,1,Y40D
MKLLSSIEQACDICRLKKLKCSKEKPKCAKCLKNNWECRGSPKTKRSPLTRAHLTEVESRLERLEQLFLLIFPRE,-8.3,1,Y40G
MKLLSSIEQACDICRLKKLKCSKEKPKCAKCLKNNWECRFSPKTKRSPLTRAHLTEVESRLERLEQLFLLIFPRE,-3.3,1,Y40F
MKLLSSIEQACDICRLKKLKCSKEKPKCAKCLKNNWECRISPKTKRSPLTRAHLTEVESRLERLEQLFLLIFPRE,-8.49,1,Y40I
MKLLSSIEQACDICRLKKLKCSKEKPKCAKCLKNNWECRHSPKTKRSPLTRAHLTEVESRLERLEQLFLLIFPRE,-3.91,1,Y40H
MKLLSSIEQACDICRLKKLKCSKEKPKCAKCLKNNWECRKSPKTKRSPLTRAHLTEVESRLERLEQLFLLIFPRE,-8.77,1,Y40K
MKLLSSIEQACDICRLKKLKCSKEKPKCAKCLKNNWECRMSPKTKRSPLTRAHLTEVESRLERLEQLFLLIFPRE,-5.62,1,Y40M
MKLLSSIEQACDICRLKKLKCSKEKPKCAKCLKNNWECRLSPKTKRSPLTRAHLTEVESRLERLEQLFLLIFPRE,-5.28,1,Y40L
MKLLSSIEQACDICRLKKLKCSKEKPKCAKCLKNNWECRNSPKTKRSPLTRAHLTEVESRLERLEQLFLLIFPRE,-8.08,1,Y40N
MKLLSSIEQACDICRLKKLKCSKEKPKCAKCLKNNWECRQSPKTKRSPLTRAHLTEVESRLERLEQLFLLIFPRE,-4.06,1,Y40Q
MKLLSSIEQACDICRLKKLKCSKEKPKCAKCLKNNWECRPSPKTKRSPLTRAHLTEVESRLERLEQLFLLIFPRE,-9.74,1,Y40P
MKLLSSIEQACDICRLKKLKCSKEKPKCAKCLKNNWECRSSPKTKRSPLTRAHLTEVESRLERLEQLFLLIFPRE,-5.55,1,Y40S
MKLLSSIEQACDICRLKKLKCSKEKPKCAKCLKNNWECRRSPKTKRSPLTRAHLTEVESRLERLEQLFLLIFPRE,-5.94,1,Y40R
MKLLSSIEQACDICRLKKLKCSKEKPKCAKCLKNNWECRTSPKTKRSPLTRAHLTEVESRLERLEQLFLLIFPRE,-5.65,1,Y40T
MKLLSSIEQACDICRLKKLKCSKEKPKCAKCLKNNWECRWSPKTKRSPLTRAHLTEVESRLERLEQLFLLIFPRE,-5.62,1,Y40W
MKLLSSIEQACDICRLKKLKCSKEKPKCAKCLKNNWECRVSPKTKRSPLTRAHLTEVESRLERLEQLFLLIFPRE,-3.39,1,Y40V
MKLLSSIEQACDICRLKKLKCSKEKPKCAKCLKNNWECRYAPKTKRSPLTRAHLTEVESRLERLEQLFLLIFPRE,-4.06,1,S41A
MKLLSSIEQACDICRLKKLKCSKEKPKCAKCLKNNWECRYCPKTKRSPLTRAHLTEVESRLERLEQLFLLIFPRE,-9.19,1,S41C
MKLLSSIEQACDICRLKKLKCSKEKPKCAKCLKNNWECRYEPKTKRSPLTRAHLTEVESRLERLEQLFLLIFPRE,-8.23,1,S41E
MKLLSSIEQACDICRLKKLKCSKEKPKCAKCLKNNWECRYDPKTKRSPLTRAHLTEVESRLERLEQLFLLIFPRE,-8.71,1,S41D
MKLLSSIEQACDICRLKKLKCSKEKPKCAKCLKNNWECRYGPKTKRSPLTRAHLTEVESRLERLEQLFLLIFPRE,-3.97,1,S41G
MKLLSSIEQACDICRLKKLKCSKEKPKCAKCLKNNWECRYFPKTKRSPLTRAHLTEVESRLERLEQLFLLIFPRE,-7.31,1,S41F
MKLLSSIEQACDICRLKKLKCSKEKPKCAKCLKNNWECRYIPKTKRSPLTRAHLTEVESRLERLEQLFLLIFPRE,-9.29,1,S41I
MKLLSSIEQACDICRLKKLKCSKEKPKCAKCLKNNWECRYHPKTKRSPLTRAHLTEVESRLERLEQLFLLIFPRE,-9.18,1,S41H
MKLLSSIEQACDICRLKKLKCSKEKPKCAKCLKNNWECRYKPKTKRSPLTRAHLTEVESRLERLEQLFLLIFPRE,-9.13,1,S41K
MKLLSSIEQACDICRLKKLKCSKEKPKCAKCLKNNWECRYMPKTKRSPLTRAHLTEVESRLERLEQLFLLIFPRE,-8.38,1,S41M
MKLLSSIEQACDICRLKKLKCSKEKPKCAKCLKNNWECRYLPKTKRSPLTRAHLTEVESRLERLEQLFLLIFPRE,-7.79,1,S41L
MKLLSSIEQACDICRLKKLKCSKEKPKCAKCLKNNWECRYNPKTKRSPLTRAHLTEVESRLERLEQLFLLIFPRE,-8.09,1,S41N
MKLLSSIEQACDICRLKKLKCSKEKPKCAKCLKNNWECRYQPKTKRSPLTRAHLTEVESRLERLEQLFLLIFPRE,-2.66,1,S41Q
MKLLSSIEQACDICRLKKLKCSKEKPKCAKCLKNNWECRYPPKTKRSPLTRAHLTEVESRLERLEQLFLLIFPRE,-9.28,1,S41P
MKLLSSIEQACDICRLKKLKCSKEKPKCAKCLKNNWECRYRPKTKRSPLTRAHLTEVESRLERLEQLFLLIFPRE,-6.76,1,S41R
MKLLSSIEQACDICRLKKLKCSKEKPKCAKCLKNNWECRYTPKTKRSPLTRAHLTEVESRLERLEQLFLLIFPRE,-2.22,1,S41T
MKLLSSIEQACDICRLKKLKCSKEKPKCAKCLKNNWECRYWPKTKRSPLTRAHLTEVESRLERLEQLFLLIFPRE,-5.52,1,S41W
MKLLSSIEQACDICRLKKLKCSKEKPKCAKCLKNNWECRYVPKTKRSPLTRAHLTEVESRLERLEQLFLLIFPRE,-4.57,1,S41V
MKLLSSIEQACDICRLKKLKCSKEKPKCAKCLKNNWECRYYPKTKRSPLTRAHLTEVESRLERLEQLFLLIFPRE,-3.64,1,S41Y
MKLLSSIEQACDICRLKKLKCSKEKPKCAKCLKNNWECRYSAKTKRSPLTRAHLTEVESRLERLEQLFLLIFPRE,-3.38,1,P42A
MKLLSSIEQACDICRLKKLKCSKEKPKCAKCLKNNWECRYSCKTKRSPLTRAHLTEVESRLERLEQLFLLIFPRE,-6.76,1,P42C
MKLLSSIEQACDICRLKKLKCSKEKPKCAKCLKNNWECRYSEKTKRSPLTRAHLTEVESRLERLEQLFLLIFPRE,-4.6,1,P42E
MKLLSSIEQACDICRLKKLKCSKEKPKCAKCLKNNWECRYSDKTKRSPLTRAHLTEVESRLERLEQLFLLIFPRE,-2.38,1,P42D
MKLLSSIEQACDICRLKKLKCSKEKPKCAKCLKNNWECRYSGKTKRSPLTRAHLTEVESRLERLEQLFLLIFPRE,-5.07,1,P42G
MKLLSSIEQACDICRLKKLKCSKEKPKCAKCLKNNWECRYSFKTKRSPLTRAHLTEVESRLERLEQLFLLIFPRE,-8.86,1,P42F
MKLLSSIEQACDICRLKKLKCSKEKPKCAKCLKNNWECRYSIKTKRSPLTRAHLTEVESRLERLEQLFLLIFPRE,-8.5,1,P42I
MKLLSSIEQACDICRLKKLKCSKEKPKCAKCLKNNWECRYSHKTKRSPLTRAHLTEVESRLERLEQLFLLIFPRE,-4.93,1,P42H
MKLLSSIEQACDICRLKKLKCSKEKPKCAKCLKNNWECRYSKKTKRSPLTRAHLTEVESRLERLEQLFLLIFPRE,-5.14,1,P42K
MKLLSSIEQACDICRLKKLKCSKEKPKCAKCLKNNWECRYSMKTKRSPLTRAHLTEVESRLERLEQLFLLIFPRE,-3.72,1,P42M
MKLLSSIEQACDICRLKKLKCSKEKPKCAKCLKNNWECRYSLKTKRSPLTRAHLTEVESRLERLEQLFLLIFPRE,-8.37,1,P42L
MKLLSSIEQACDICRLKKLKCSKEKPKCAKCLKNNWECRYSNKTKRSPLTRAHLTEVESRLERLEQLFLLIFPRE,-6.68,1,P42N
MKLLSSIEQACDICRLKKLKCSKEKPKCAKCLKNNWECRYSQKTKRSPLTRAHLTEVESRLERLEQLFLLIFPRE,-6.03,1,P42Q
MKLLSSIEQACDICRLKKLKCSKEKPKCAKCLKNNWECRYSSKTKRSPLTRAHLTEVESRLERLEQLFLLIFPRE,-6.1,1,P42S
MKLLSSIEQACDICRLKKLKCSKEKPKCAKCLKNNWECRYSRKTKRSPLTRAHLTEVESRLERLEQLFLLIFPRE,-8.98,1,P42R
MKLLSSIEQACDICRLKKLKCSKEKPKCAKCLKNNWECRYSTKTKRSPLTRAHLTEVESRLERLEQLFLLIFPRE,-7.29,1,P42T
MKLLSSIEQACDICRLKKLKCSKEKPKCAKCLKNNWECRYSWKTKRSPLTRAHLTEVESRLERLEQLFLLIFPRE,-5.46,1,P42W
MKLLSSIEQACDICRLKKLKCSKEKPKCAKCLKNNWECRYSVKTKRSPLTRAHLTEVESRLERLEQLFLLIFPRE,-4.73,1,P42V
MKLLSSIEQACDICRLKKLKCSKEKPKCAKCLKNNWECRYSYKTKRSPLTRAHLTEVESRLERLEQLFLLIFPRE,-6.33,1,P42Y
MKLLSSIEQACDICRLKKLKCSKEKPKCAKCLKNNWECRYSPATKRSPLTRAHLTEVESRLERLEQLFLLIFPRE,-1.16,1,K43A
MKLLSSIEQACDICRLKKLKCSKEKPKCAKCLKNNWECRYSPCTKRSPLTRAHLTEVESRLERLEQLFLLIFPRE,-4.46,1,K43C
MKLLSSIEQACDICRLKKLKCSKEKPKCAKCLKNNWECRYSPETKRSPLTRAHLTEVESRLERLEQLFLLIFPRE,-6.96,1,K43E
MKLLSSIEQACDICRLKKLKCSKEKPKCAKCLKNNWECRYSPDTKRSPLTRAHLTEVESRLERLEQLFLLIFPRE,-5.43,1,K43D
MKLLSSIEQACDICRLKKLKCSKEKPKCAKCLKNNWECRYSPGTKRSPLTRAHLTEVESRLERLEQLFLLIFPRE,-2.94,1,K43G
MKLLSSIEQACDICRLKKLKCSKEKPKCAKCLKNNWECRYSPFTKRSPLTRAHLTEVESRLERLEQLFLLIFPRE,-0.92,1,K43F
MKLLSSIEQACDICRLKKLKCSKEKPKCAKCLKNNWECRYSPITKRSPLTRAHLTEVESRLERLEQLFLLIFPRE,-3.44,1,K43I
MKLLSSIEQACDICRLKKLKCSKEKPKCAKCLKNNWECRYSPHTKRSPLTRAHLTEVESRLERLEQLFLLIFPRE,-2.92,1,K43H
MKLLSSIEQACDICRLKKLKCSKEKPKCAKCLKNNWECRYSPMTKRSPLTRAHLTEVESRLERLEQLFLLIFPRE,-1.95,1,K43M
MKLLSSIEQACDICRLKKLKCSKEKPKCAKCLKNNWECRYSPLTKRSPLTRAHLTEVESRLERLEQLFLLIFPRE,-2.0,1,K43L
MKLLSSIEQACDICRLKKLKCSKEKPKCAKCLKNNWECRYSPNTKRSPLTRAHLTEVESRLERLEQLFLLIFPRE,-2.99,1,K43N
MKLLSSIEQACDICRLKKLKCSKEKPKCAKCLKNNWECRYSPQTKRSPLTRAHLTEVESRLERLEQLFLLIFPRE,-2.79,1,K43Q
MKLLSSIEQACDICRLKKLKCSKEKPKCAKCLKNNWECRYSPPTKRSPLTRAHLTEVESRLERLEQLFLLIFPRE,2.52,1,K43P
MKLLSSIEQACDICRLKKLKCSKEKPKCAKCLKNNWECRYSPSTKRSPLTRAHLTEVESRLERLEQLFLLIFPRE,-3.79,1,K43S
MKLLSSIEQACDICRLKKLKCSKEKPKCAKCLKNNWECRYSPRTKRSPLTRAHLTEVESRLERLEQLFLLIFPRE,0.45,1,K43R
MKLLSSIEQACDICRLKKLKCSKEKPKCAKCLKNNWECRYSPTTKRSPLTRAHLTEVESRLERLEQLFLLIFPRE,-3.31,1,K43T
MKLLSSIEQACDICRLKKLKCSKEKPKCAKCLKNNWECRYSPWTKRSPLTRAHLTEVESRLERLEQLFLLIFPRE,-5.09,1,K43W
MKLLSSIEQACDICRLKKLKCSKEKPKCAKCLKNNWECRYSPVTKRSPLTRAHLTEVESRLERLEQLFLLIFPRE,-6.02,1,K43V
MKLLSSIEQACDICRLKKLKCSKEKPKCAKCLKNNWECRYSPYTKRSPLTRAHLTEVESRLERLEQLFLLIFPRE,0.28,1,K43Y
MKLLSSIEQACDICRLKKLKCSKEKPKCAKCLKNNWECRYSPKAKRSPLTRAHLTEVESRLERLEQLFLLIFPRE,-0.09,1,T44A
MKLLSSIEQACDICRLKKLKCSKEKPKCAKCLKNNWECRYSPKCKRSPLTRAHLTEVESRLERLEQLFLLIFPRE,-0.81,1,T44C
MKLLSSIEQACDICRLKKLKCSKEKPKCAKCLKNNWECRYSPKEKRSPLTRAHLTEVESRLERLEQLFLLIFPRE,1.38,1,T44E
MKLLSSIEQACDICRLKKLKCSKEKPKCAKCLKNNWECRYSPKDKRSPLTRAHLTEVESRLERLEQLFLLIFPRE,-3.42,1,T44D
MKLLSSIEQACDICRLKKLKCSKEKPKCAKCLKNNWECRYSPKGKRSPLTRAHLTEVESRLERLEQLFLLIFPRE,-2.6,1,T44G
MKLLSSIEQACDICRLKKLKCSKEKPKCAKCLKNNWECRYSPKFKRSPLTRAHLTEVESRLERLEQLFLLIFPRE,-3.86,1,T44F
MKLLSSIEQACDICRLKKLKCSKEKPKCAKCLKNNWECRYSPKIKRSPLTRAHLTEVESRLERLEQLFLLIFPRE,0.96,1,T44I
MKLLSSIEQACDICRLKKLKCSKEKPKCAKCLKNNWECRYSPKKKRSPLTRAHLTEVESRLERLEQLFLLIFPRE,-5.98,1,T44K
MKLLSSIEQACDICRLKKLKCSKEKPKCAKCLKNNWECRYSPKMKRSPLTRAHLTEVESRLERLEQLFLLIFPRE,-0.02,1,T44M
MKLLSSIEQACDICRLKKLKCSKEKPKCAKCLKNNWECRYSPKLKRSPLTRAHLTEVESRLERLEQLFLLIFPRE,0.13,1,T44L
MKLLSSIEQACDICRLKKLKCSKEKPKCAKCLKNNWECRYSPKNKRSPLTRAHLTEVESRLERLEQLFLLIFPRE,-4.19,1,T44N
MKLLSSIEQACDICRLKKLKCSKEKPKCAKCLKNNWECRYSPKSKRSPLTRAHLTEVESRLERLEQLFLLIFPRE,-2.2,1,T44S
MKLLSSIEQACDICRLKKLKCSKEKPKCAKCLKNNWECRYSPKRKRSPLTRAHLTEVESRLERLEQLFLLIFPRE,-3.33,1,T44R
MKLLSSIEQACDICRLKKLKCSKEKPKCAKCLKNNWECRYSPKWKRSPLTRAHLTEVESRLERLEQLFLLIFPRE,-8.71,1,T44W
MKLLSSIEQACDICRLKKLKCSKEKPKCAKCLKNNWECRYSPKVKRSPLTRAHLTEVESRLERLEQLFLLIFPRE,0.02,1,T44V
MKLLSSIEQACDICRLKKLKCSKEKPKCAKCLKNNWECRYSPKYKRSPLTRAHLTEVESRLERLEQLFLLIFPRE,-9.13,1,T44Y
MKLLSSIEQACDICRLKKLKCSKEKPKCAKCLKNNWECRYSPKTARSPLTRAHLTEVESRLERLEQLFLLIFPRE,-0.25,1,K45A
MKLLSSIEQACDICRLKKLKCSKEKPKCAKCLKNNWECRYSPKTCRSPLTRAHLTEVESRLERLEQLFLLIFPRE,-3.22,1,K45C
MKLLSSIEQACDICRLKKLKCSKEKPKCAKCLKNNWECRYSPKTERSPLTRAHLTEVESRLERLEQLFLLIFPRE,-7.38,1,K45E
MKLLSSIEQACDICRLKKLKCSKEKPKCAKCLKNNWECRYSPKTDRSPLTRAHLTEVESRLERLEQLFLLIFPRE,-5.62,1,K45D
MKLLSSIEQACDICRLKKLKCSKEKPKCAKCLKNNWECRYSPKTGRSPLTRAHLTEVESRLERLEQLFLLIFPRE,-8.52,1,K45G
MKLLSSIEQACDICRLKKLKCSKEKPKCAKCLKNNWECRYSPKTFRSPLTRAHLTEVESRLERLEQLFLLIFPRE,-3.91,1,K45F
MKLLSSIEQACDICRLKKLKCSKEKPKCAKCLKNNWECRYSPKTIRSPLTRAHLTEVESRLERLEQLFLLIFPRE,1.35,1,K45I
MKLLSSIEQACDICRLKKLKCSKEKPKCAKCLKNNWECRYSPKTHRSPLTRAHLTEVESRLERLEQLFLLIFPRE,-3.62,1,K45H
MKLLSSIEQACDICRLKKLKCSKEKPKCAKCLKNNWECRYSPKTMRSPLTRAHLTEVESRLERLEQLFLLIFPRE,-0.38,1,K45M
MKLLSSIEQACDICRLKKLKCSKEKPKCAKCLKNNWECRYSPKTLRSPLTRAHLTEVESRLERLEQLFLLIFPRE,0.88,1,K45L
MKLLSSIEQACDICRLKKLKCSKEKPKCAKCLKNNWECRYSPKTNRSPLTRAHLTEVESRLERLEQLFLLIFPRE,-1.94,1,K45N
MKLLSSIEQACDICRLKKLKCSKEKPKCAKCLKNNWECRYSPKTQRSPLTRAHLTEVESRLERLEQLFLLIFPRE,1.3,1,K45Q
MKLLSSIEQACDICRLKKLKCSKEKPKCAKCLKNNWECRYSPKTPRSPLTRAHLTEVESRLERLEQLFLLIFPRE,1.13,1,K45P
MKLLSSIEQACDICRLKKLKCSKEKPKCAKCLKNNWECRYSPKTSRSPLTRAHLTEVESRLERLEQLFLLIFPRE,-6.85,1,K45S
MKLLSSIEQACDICRLKKLKCSKEKPKCAKCLKNNWECRYSPKTRRSPLTRAHLTEVESRLERLEQLFLLIFPRE,-0.63,1,K45R
MKLLSSIEQACDICRLKKLKCSKEKPKCAKCLKNNWECRYSPKTTRSPLTRAHLTEVESRLERLEQLFLLIFPRE,-1.89,1,K45T
MKLLSSIEQACDICRLKKLKCSKEKPKCAKCLKNNWECRYSPKTWRSPLTRAHLTEVESRLERLEQLFLLIFPRE,-5.52,1,K45W
MKLLSSIEQACDICRLKKLKCSKEKPKCAKCLKNNWECRYSPKTVRSPLTRAHLTEVESRLERLEQLFLLIFPRE,0.69,1,K45V
MKLLSSIEQACDICRLKKLKCSKEKPKCAKCLKNNWECRYSPKTYRSPLTRAHLTEVESRLERLEQLFLLIFPRE,-3.6,1,K45Y
MKLLSSIEQACDICRLKKLKCSKEKPKCAKCLKNNWECRYSPKTKASPLTRAHLTEVESRLERLEQLFLLIFPRE,-7.92,1,R46A
MKLLSSIEQACDICRLKKLKCSKEKPKCAKCLKNNWECRYSPKTKCSPLTRAHLTEVESRLERLEQLFLLIFPRE,-8.45,1,R46C
MKLLSSIEQACDICRLKKLKCSKEKPKCAKCLKNNWECRYSPKTKESPLTRAHLTEVESRLERLEQLFLLIFPRE,-3.55,1,R46E
MKLLSSIEQACDICRLKKLKCSKEKPKCAKCLKNNWECRYSPKTKDSPLTRAHLTEVESRLERLEQLFLLIFPRE,-9.4,1,R46D
MKLLSSIEQACDICRLKKLKCSKEKPKCAKCLKNNWECRYSPKTKGSPLTRAHLTEVESRLERLEQLFLLIFPRE,-8.95,1,R46G
MKLLSSIEQACDICRLKKLKCSKEKPKCAKCLKNNWECRYSPKTKFSPLTRAHLTEVESRLERLEQLFLLIFPRE,-9.22,1,R46F
MKLLSSIEQACDICRLKKLKCSKEKPKCAKCLKNNWECRYSPKTKISPLTRAHLTEVESRLERLEQLFLLIFPRE,-9.85,1,R46I
MKLLSSIEQACDICRLKKLKCSKEKPKCAKCLKNNWECRYSPKTKHSPLTRAHLTEVESRLERLEQLFLLIFPRE,-9.0,1,R46H
MKLLSSIEQACDICRLKKLKCSKEKPKCAKCLKNNWECRYSPKTKKSPLTRAHLTEVESRLERLEQLFLLIFPRE,-4.76,1,R46K
MKLLSSIEQACDICRLKKLKCSKEKPKCAKCLKNNWECRYSPKTKMSPLTRAHLTEVESRLERLEQLFLLIFPRE,-7.95,1,R46M
MKLLSSIEQACDICRLKKLKCSKEKPKCAKCLKNNWECRYSPKTKLSPLTRAHLTEVESRLERLEQLFLLIFPRE,-8.48,1,R46L
MKLLSSIEQACDICRLKKLKCSKEKPKCAKCLKNNWECRYSPKTKNSPLTRAHLTEVESRLERLEQLFLLIFPRE,-9.34,1,R46N
MKLLSSIEQACDICRLKKLKCSKEKPKCAKCLKNNWECRYSPKTKQSPLTRAHLTEVESRLERLEQLFLLIFPRE,-2.86,1,R46Q
MKLLSSIEQACDICRLKKLKCSKEKPKCAKCLKNNWECRYSPKTKPSPLTRAHLTEVESRLERLEQLFLLIFPRE,-8.67,1,R46P
MKLLSSIEQACDICRLKKLKCSKEKPKCAKCLKNNWECRYSPKTKSSPLTRAHLTEVESRLERLEQLFLLIFPRE,-9.18,1,R46S
MKLLSSIEQACDICRLKKLKCSKEKPKCAKCLKNNWECRYSPKTKTSPLTRAHLTEVESRLERLEQLFLLIFPRE,-6.94,1,R46T
MKLLSSIEQACDICRLKKLKCSKEKPKCAKCLKNNWECRYSPKTKWSPLTRAHLTEVESRLERLEQLFLLIFPRE,-8.94,1,R46W
MKLLSSIEQACDICRLKKLKCSKEKPKCAKCLKNNWECRYSPKTKVSPLTRAHLTEVESRLERLEQLFLLIFPRE,-9.87,1,R46V
MKLLSSIEQACDICRLKKLKCSKEKPKCAKCLKNNWECRYSPKTKYSPLTRAHLTEVESRLERLEQLFLLIFPRE,-9.35,1,R46Y
MKLLSSIEQACDICRLKKLKCSKEKPKCAKCLKNNWECRYSPKTKRAPLTRAHLTEVESRLERLEQLFLLIFPRE,-7.2,1,S47A
MKLLSSIEQACDICRLKKLKCSKEKPKCAKCLKNNWECRYSPKTKRCPLTRAHLTEVESRLERLEQLFLLIFPRE,-8.5,1,S47C
MKLLSSIEQACDICRLKKLKCSKEKPKCAKCLKNNWECRYSPKTKREPLTRAHLTEVESRLERLEQLFLLIFPRE,-10.97,1,S47E
MKLLSSIEQACDICRLKKLKCSKEKPKCAKCLKNNWECRYSPKTKRGPLTRAHLTEVESRLERLEQLFLLIFPRE,-9.02,1,S47G
MKLLSSIEQACDICRLKKLKCSKEKPKCAKCLKNNWECRYSPKTKRFPLTRAHLTEVESRLERLEQLFLLIFPRE,-8.47,1,S47F
MKLLSSIEQACDICRLKKLKCSKEKPKCAKCLKNNWECRYSPKTKRIPLTRAHLTEVESRLERLEQLFLLIFPRE,-8.45,1,S47I
MKLLSSIEQACDICRLKKLKCSKEKPKCAKCLKNNWECRYSPKTKRHPLTRAHLTEVESRLERLEQLFLLIFPRE,-9.97,1,S47H
MKLLSSIEQACDICRLKKLKCSKEKPKCAKCLKNNWECRYSPKTKRKPLTRAHLTEVESRLERLEQLFLLIFPRE,-9.59,1,S47K
MKLLSSIEQACDICRLKKLKCSKEKPKCAKCLKNNWECRYSPKTKRMPLTRAHLTEVESRLERLEQLFLLIFPRE,-4.26,1,S47M
MKLLSSIEQACDICRLKKLKCSKEKPKCAKCLKNNWECRYSPKTKRLPLTRAHLTEVESRLERLEQLFLLIFPRE,-9.9,1,S47L
MKLLSSIEQACDICRLKKLKCSKEKPKCAKCLKNNWECRYSPKTKRNPLTRAHLTEVESRLERLEQLFLLIFPRE,-9.09,1,S47N
MKLLSSIEQACDICRLKKLKCSKEKPKCAKCLKNNWECRYSPKTKRQPLTRAHLTEVESRLERLEQLFLLIFPRE,-8.95,1,S47Q
MKLLSSIEQACDICRLKKLKCSKEKPKCAKCLKNNWECRYSPKTKRPPLTRAHLTEVESRLERLEQLFLLIFPRE,-2.46,1,S47P
MKLLSSIEQACDICRLKKLKCSKEKPKCAKCLKNNWECRYSPKTKRRPLTRAHLTEVESRLERLEQLFLLIFPRE,-10.04,1,S47R
MKLLSSIEQACDICRLKKLKCSKEKPKCAKCLKNNWECRYSPKTKRTPLTRAHLTEVESRLERLEQLFLLIFPRE,-0.65,1,S47T
MKLLSSIEQACDICRLKKLKCSKEKPKCAKCLKNNWECRYSPKTKRWPLTRAHLTEVESRLERLEQLFLLIFPRE,-9.21,1,S47W
MKLLSSIEQACDICRLKKLKCSKEKPKCAKCLKNNWECRYSPKTKRVPLTRAHLTEVESRLERLEQLFLLIFPRE,-9.03,1,S47V
MKLLSSIEQACDICRLKKLKCSKEKPKCAKCLKNNWECRYSPKTKRYPLTRAHLTEVESRLERLEQLFLLIFPRE,-6.1,1,S47Y
MKLLSSIEQACDICRLKKLKCSKEKPKCAKCLKNNWECRYSPKTKRSALTRAHLTEVESRLERLEQLFLLIFPRE,-5.27,1,P48A
MKLLSSIEQACDICRLKKLKCSKEKPKCAKCLKNNWECRYSPKTKRSCLTRAHLTEVESRLERLEQLFLLIFPRE,-6.86,1,P48C
MKLLSSIEQACDICRLKKLKCSKEKPKCAKCLKNNWECRYSPKTKRSELTRAHLTEVESRLERLEQLFLLIFPRE,-4.17,1,P48E
MKLLSSIEQACDICRLKKLKCSKEKPKCAKCLKNNWECRYSPKTKRSDLTRAHLTEVESRLERLEQLFLLIFPRE,-1.86,1,P48D
MKLLSSIEQACDICRLKKLKCSKEKPKCAKCLKNNWECRYSPKTKRSGLTRAHLTEVESRLERLEQLFLLIFPRE,-5.69,1,P48G
MKLLSSIEQACDICRLKKLKCSKEKPKCAKCLKNNWECRYSPKTKRSFLTRAHLTEVESRLERLEQLFLLIFPRE,-8.33,1,P48F
MKLLSSIEQACDICRLKKLKCSKEKPKCAKCLKNNWECRYSPKTKRSILTRAHLTEVESRLERLEQLFLLIFPRE,-8.95,1,P48I
MKLLSSIEQACDICRLKKLKCSKEKPKCAKCLKNNWECRYSPKTKRSHLTRAHLTEVESRLERLEQLFLLIFPRE,-8.42,1,P48H
MKLLSSIEQACDICRLKKLKCSKEKPKCAKCLKNNWECRYSPKTKRSKLTRAHLTEVESRLERLEQLFLLIFPRE,-4.4,1,P48K
MKLLSSIEQACDICRLKKLKCSKEKPKCAKCLKNNWECRYSPKTKRSMLTRAHLTEVESRLERLEQLFLLIFPRE,-5.59,1,P48M
MKLLSSIEQACDICRLKKLKCSKEKPKCAKCLKNNWECRYSPKTKRSLLTRAHLTEVESRLERLEQLFLLIFPRE,-8.67,1,P48L
MKLLSSIEQACDICRLKKLKCSKEKPKCAKCLKNNWECRYSPKTKRSNLTRAHLTEVESRLERLEQLFLLIFPRE,-9.23,1,P48N
MKLLSSIEQACDICRLKKLKCSKEKPKCAKCLKNNWECRYSPKTKRSQLTRAHLTEVESRLERLEQLFLLIFPRE,-9.24,1,P48Q
MKLLSSIEQACDICRLKKLKCSKEKPKCAKCLKNNWECRYSPKTKRSSLTRAHLTEVESRLERLEQLFLLIFPRE,-7.63,1,P48S
MKLLSSIEQACDICRLKKLKCSKEKPKCAKCLKNNWECRYSPKTKRSRLTRAHLTEVESRLERLEQLFLLIFPRE,-3.79,1,P48R
MKLLSSIEQACDICRLKKLKCSKEKPKCAKCLKNNWECRYSPKTKRSTLTRAHLTEVESRLERLEQLFLLIFPRE,-8.81,1,P48T
MKLLSSIEQACDICRLKKLKCSKEKPKCAKCLKNNWECRYSPKTKRSWLTRAHLTEVESRLERLEQLFLLIFPRE,-3.95,1,P48W
MKLLSSIEQACDICRLKKLKCSKEKPKCAKCLKNNWECRYSPKTKRSVLTRAHLTEVESRLERLEQLFLLIFPRE,-4.54,1,P48V
MKLLSSIEQACDICRLKKLKCSKEKPKCAKCLKNNWECRYSPKTKRSYLTRAHLTEVESRLERLEQLFLLIFPRE,-5.23,1,P48Y
MKLLSSIEQACDICRLKKLKCSKEKPKCAKCLKNNWECRYSPKTKRSPATRAHLTEVESRLERLEQLFLLIFPRE,-9.05,1,L49A
MKLLSSIEQACDICRLKKLKCSKEKPKCAKCLKNNWECRYSPKTKRSPCTRAHLTEVESRLERLEQLFLLIFPRE,-6.99,1,L49C
MKLLSSIEQACDICRLKKLKCSKEKPKCAKCLKNNWECRYSPKTKRSPETRAHLTEVESRLERLEQLFLLIFPRE,-8.67,1,L49E
MKLLSSIEQACDICRLKKLKCSKEKPKCAKCLKNNWECRYSPKTKRSPDTRAHLTEVESRLERLEQLFLLIFPRE,-9.81,1,L49D
MKLLSSIEQACDICRLKKLKCSKEKPKCAKCLKNNWECRYSPKTKRSPGTRAHLTEVESRLERLEQLFLLIFPRE,-4.37,1,L49G
MKLLSSIEQACDICRLKKLKCSKEKPKCAKCLKNNWECRYSPKTKRSPFTRAHLTEVESRLERLEQLFLLIFPRE,-4.8,1,L49F
MKLLSSIEQACDICRLKKLKCSKEKPKCAKCLKNNWECRYSPKTKRSPITRAHLTEVESRLERLEQLFLLIFPRE,-3.92,1,L49I
MKLLSSIEQACDICRLKKLKCSKEKPKCAKCLKNNWECRYSPKTKRSPHTRAHLTEVESRLERLEQLFLLIFPRE,-8.24,1,L49H
MKLLSSIEQACDICRLKKLKCSKEKPKCAKCLKNNWECRYSPKTKRSPKTRAHLTEVESRLERLEQLFLLIFPRE,-3.95,1,L49K
MKLLSSIEQACDICRLKKLKCSKEKPKCAKCLKNNWECRYSPKTKRSPMTRAHLTEVESRLERLEQLFLLIFPRE,-3.87,1,L49M
MKLLSSIEQACDICRLKKLKCSKEKPKCAKCLKNNWECRYSPKTKRSPNTRAHLTEVESRLERLEQLFLLIFPRE,-8.9,1,L49N
MKLLSSIEQACDICRLKKLKCSKEKPKCAKCLKNNWECRYSPKTKRSPQTRAHLTEVESRLERLEQLFLLIFPRE,-8.11,1,L49Q
MKLLSSIEQACDICRLKKLKCSKEKPKCAKCLKNNWECRYSPKTKRSPPTRAHLTEVESRLERLEQLFLLIFPRE,-6.6,1,L49P
MKLLSSIEQACDICRLKKLKCSKEKPKCAKCLKNNWECRYSPKTKRSPSTRAHLTEVESRLERLEQLFLLIFPRE,-7.15,1,L49S
MKLLSSIEQACDICRLKKLKCSKEKPKCAKCLKNNWECRYSPKTKRSPRTRAHLTEVESRLERLEQLFLLIFPRE,-7.98,1,L49R
MKLLSSIEQACDICRLKKLKCSKEKPKCAKCLKNNWECRYSPKTKRSPTTRAHLTEVESRLERLEQLFLLIFPRE,-5.08,1,L49T
MKLLSSIEQACDICRLKKLKCSKEKPKCAKCLKNNWECRYSPKTKRSPWTRAHLTEVESRLERLEQLFLLIFPRE,-3.87,1,L49W
MKLLSSIEQACDICRLKKLKCSKEKPKCAKCLKNNWECRYSPKTKRSPVTRAHLTEVESRLERLEQLFLLIFPRE,-9.0,1,L49V
MKLLSSIEQACDICRLKKLKCSKEKPKCAKCLKNNWECRYSPKTKRSPYTRAHLTEVESRLERLEQLFLLIFPRE,-1.79,1,L49Y
MKLLSSIEQACDICRLKKLKCSKEKPKCAKCLKNNWECRYSPKTKRSPLARAHLTEVESRLERLEQLFLLIFPRE,-8.7,1,T50A
MKLLSSIEQACDICRLKKLKCSKEKPKCAKCLKNNWECRYSPKTKRSPLCRAHLTEVESRLERLEQLFLLIFPRE,-4.41,1,T50C
MKLLSSIEQACDICRLKKLKCSKEKPKCAKCLKNNWECRYSPKTKRSPLERAHLTEVESRLERLEQLFLLIFPRE,-8.71,1,T50E
MKLLSSIEQACDICRLKKLKCSKEKPKCAKCLKNNWECRYSPKTKRSPLDRAHLTEVESRLERLEQLFLLIFPRE,-8.61,1,T50D
MKLLSSIEQACDICRLKKLKCSKEKPKCAKCLKNNWECRYSPKTKRSPLGRAHLTEVESRLERLEQLFLLIFPRE,-8.88,1,T50G
MKLLSSIEQACDICRLKKLKCSKEKPKCAKCLKNNWECRYSPKTKRSPLFRAHLTEVESRLERLEQLFLLIFPRE,-7.45,1,T50F
MKLLSSIEQACDICRLKKLKCSKEKPKCAKCLKNNWECRYSPKTKRSPLIRAHLTEVESRLERLEQLFLLIFPRE,-6.57,1,T50I
MKLLSSIEQACDICRLKKLKCSKEKPKCAKCLKNNWECRYSPKTKRSPLHRAHLTEVESRLERLEQLFLLIFPRE,-3.52,1,T50H
MKLLSSIEQACDICRLKKLKCSKEKPKCAKCLKNNWECRYSPKTKRSPLKRAHLTEVESRLERLEQLFLLIFPRE,-9.98,1,T50K
MKLLSSIEQACDICRLKKLKCSKEKPKCAKCLKNNWECRYSPKTKRSPLMRAHLTEVESRLERLEQLFLLIFPRE,-4.13,1,T50M
MKLLSSIEQACDICRLKKLKCSKEKPKCAKCLKNNWECRYSPKTKRSPLLRAHLTEVESRLERLEQLFLLIFPRE,-6.54,1,T50L
MKLLSSIEQACDICRLKKLKCSKEKPKCAKCLKNNWECRYSPKTKRSPLNRAHLTEVESRLERLEQLFLLIFPRE,-9.04,1,T50N
MKLLSSIEQACDICRLKKLKCSKEKPKCAKCLKNNWECRYSPKTKRSPLQRAHLTEVESRLERLEQLFLLIFPRE,-3.75,1,T50Q
MKLLSSIEQACDICRLKKLKCSKEKPKCAKCLKNNWECRYSPKTKRSPLPRAHLTEVESRLERLEQLFLLIFPRE,-9.88,1,T50P
MKLLSSIEQACDICRLKKLKCSKEKPKCAKCLKNNWECRYSPKTKRSPLSRAHLTEVESRLERLEQLFLLIFPRE,-8.97,1,T50S
MKLLSSIEQACDICRLKKLKCSKEKPKCAKCLKNNWECRYSPKTKRSPLRRAHLTEVESRLERLEQLFLLIFPRE,-9.03,1,T50R
MKLLSSIEQACDICRLKKLKCSKEKPKCAKCLKNNWECRYSPKTKRSPLWRAHLTEVESRLERLEQLFLLIFPRE,-5.9,1,T50W
MKLLSSIEQACDICRLKKLKCSKEKPKCAKCLKNNWECRYSPKTKRSPLVRAHLTEVESRLERLEQLFLLIFPRE,-4.19,1,T50V
MKLLSSIEQACDICRLKKLKCSKEKPKCAKCLKNNWECRYSPKTKRSPLYRAHLTEVESRLERLEQLFLLIFPRE,-3.67,1,T50Y
MKLLSSIEQACDICRLKKLKCSKEKPKCAKCLKNNWECRYSPKTKRSPLTAAHLTEVESRLERLEQLFLLIFPRE,-8.63,1,R51A
MKLLSSIEQACDICRLKKLKCSKEKPKCAKCLKNNWECRYSPKTKRSPLTCAHLTEVESRLERLEQLFLLIFPRE,-8.74,1,R51C
MKLLSSIEQACDICRLKKLKCSKEKPKCAKCLKNNWECRYSPKTKRSPLTEAHLTEVESRLERLEQLFLLIFPRE,-6.31,1,R51E
MKLLSSIEQACDICRLKKLKCSKEKPKCAKCLKNNWECRYSPKTKRSPLTDAHLTEVESRLERLEQLFLLIFPRE,-5.66,1,R51D
MKLLSSIEQACDICRLKKLKCSKEKPKCAKCLKNNWECRYSPKTKRSPLTGAHLTEVESRLERLEQLFLLIFPRE,-9.37,1,R51G
MKLLSSIEQACDICRLKKLKCSKEKPKCAKCLKNNWECRYSPKTKRSPLTFAHLTEVESRLERLEQLFLLIFPRE,-8.88,1,R51F
MKLLSSIEQACDICRLKKLKCSKEKPKCAKCLKNNWECRYSPKTKRSPLTIAHLTEVESRLERLEQLFLLIFPRE,-7.2,1,R51I
MKLLSSIEQACDICRLKKLKCSKEKPKCAKCLKNNWECRYSPKTKRSPLTHAHLTEVESRLERLEQLFLLIFPRE,-8.65,1,R51H
MKLLSSIEQACDICRLKKLKCSKEKPKCAKCLKNNWECRYSPKTKRSPLTKAHLTEVESRLERLEQLFLLIFPRE,-9.19,1,R51K
MKLLSSIEQACDICRLKKLKCSKEKPKCAKCLKNNWECRYSPKTKRSPLTMAHLTEVESRLERLEQLFLLIFPRE,-4.33,1,R51M
MKLLSSIEQACDICRLKKLKCSKEKPKCAKCLKNNWECRYSPKTKRSPLTLAHLTEVESRLERLEQLFLLIFPRE,-5.94,1,R51L
MKLLSSIEQACDICRLKKLKCSKEKPKCAKCLKNNWECRYSPKTKRSPLTNAHLTEVESRLERLEQLFLLIFPRE,-9.99,1,R51N
MKLLSSIEQACDICRLKKLKCSKEKPKCAKCLKNNWECRYSPKTKRSPLTQAHLTEVESRLERLEQLFLLIFPRE,-4.47,1,R51Q
MKLLSSIEQACDICRLKKLKCSKEKPKCAKCLKNNWECRYSPKTKRSPLTPAHLTEVESRLERLEQLFLLIFPRE,-9.77,1,R51P
MKLLSSIEQACDICRLKKLKCSKEKPKCAKCLKNNWECRYSPKTKRSPLTSAHLTEVESRLERLEQLFLLIFPRE,-2.46,1,R51S
MKLLSSIEQACDICRLKKLKCSKEKPKCAKCLKNNWECRYSPKTKRSPLTTAHLTEVESRLERLEQLFLLIFPRE,-6.35,1,R51T
MKLLSSIEQACDICRLKKLKCSKEKPKCAKCLKNNWECRYSPKTKRSPLTWAHLTEVESRLERLEQLFLLIFPRE,-7.04,1,R51W
MKLLSSIEQACDICRLKKLKCSKEKPKCAKCLKNNWECRYSPKTKRSPLTVAHLTEVESRLERLEQLFLLIFPRE,-5.3,1,R51V
MKLLSSIEQACDICRLKKLKCSKEKPKCAKCLKNNWECRYSPKTKRSPLTYAHLTEVESRLERLEQLFLLIFPRE,-4.09,1,R51Y
MKLLSSIEQACDICRLKKLKCSKEKPKCAKCLKNNWECRYSPKTKRSPLTRCHLTEVESRLERLEQLFLLIFPRE,-2.58,1,A52C
MKLLSSIEQACDICRLKKLKCSKEKPKCAKCLKNNWECRYSPKTKRSPLTREHLTEVESRLERLEQLFLLIFPRE,-6.41,1,A52E
MKLLSSIEQACDICRLKKLKCSKEKPKCAKCLKNNWECRYSPKTKRSPLTRDHLTEVESRLERLEQLFLLIFPRE,-5.68,1,A52D
MKLLSSIEQACDICRLKKLKCSKEKPKCAKCLKNNWECRYSPKTKRSPLTRGHLTEVESRLERLEQLFLLIFPRE,-7.56,1,A52G
MKLLSSIEQACDICRLKKLKCSKEKPKCAKCLKNNWECRYSPKTKRSPLTRFHLTEVESRLERLEQLFLLIFPRE,-1.15,1,A52F
MKLLSSIEQACDICRLKKLKCSKEKPKCAKCLKNNWECRYSPKTKRSPLTRIHLTEVESRLERLEQLFLLIFPRE,-1.84,1,A52I
MKLLSSIEQACDICRLKKLKCSKEKPKCAKCLKNNWECRYSPKTKRSPLTRHHLTEVESRLERLEQLFLLIFPRE,-2.17,1,A52H
MKLLSSIEQACDICRLKKLKCSKEKPKCAKCLKNNWECRYSPKTKRSPLTRKHLTEVESRLERLEQLFLLIFPRE,-0.81,1,A52K
MKLLSSIEQACDICRLKKLKCSKEKPKCAKCLKNNWECRYSPKTKRSPLTRMHLTEVESRLERLEQLFLLIFPRE,-1.48,1,A52M
MKLLSSIEQACDICRLKKLKCSKEKPKCAKCLKNNWECRYSPKTKRSPLTRLHLTEVESRLERLEQLFLLIFPRE,-2.92,1,A52L
MKLLSSIEQACDICRLKKLKCSKEKPKCAKCLKNNWECRYSPKTKRSPLTRNHLTEVESRLERLEQLFLLIFPRE,-0.11,1,A52N
MKLLSSIEQACDICRLKKLKCSKEKPKCAKCLKNNWECRYSPKTKRSPLTRQHLTEVESRLERLEQLFLLIFPRE,-0.44,1,A52Q
MKLLSSIEQACDICRLKKLKCSKEKPKCAKCLKNNWECRYSPKTKRSPLTRPHLTEVESRLERLEQLFLLIFPRE,-9.11,1,A52P
MKLLSSIEQACDICRLKKLKCSKEKPKCAKCLKNNWECRYSPKTKRSPLTRSHLTEVESRLERLEQLFLLIFPRE,-3.06,1,A52S
MKLLSSIEQACDICRLKKLKCSKEKPKCAKCLKNNWECRYSPKTKRSPLTRRHLTEVESRLERLEQLFLLIFPRE,-1.23,1,A52R
MKLLSSIEQACDICRLKKLKCSKEKPKCAKCLKNNWECRYSPKTKRSPLTRTHLTEVESRLERLEQLFLLIFPRE,-6.84,1,A52T
MKLLSSIEQACDICRLKKLKCSKEKPKCAKCLKNNWECRYSPKTKRSPLTRWHLTEVESRLERLEQLFLLIFPRE,-8.96,1,A52W
MKLLSSIEQACDICRLKKLKCSKEKPKCAKCLKNNWECRYSPKTKRSPLTRVHLTEVESRLERLEQLFLLIFPRE,0.29,1,A52V
MKLLSSIEQACDICRLKKLKCSKEKPKCAKCLKNNWECRYSPKTKRSPLTRYHLTEVESRLERLEQLFLLIFPRE,-4.33,1,A52Y
MKLLSSIEQACDICRLKKLKCSKEKPKCAKCLKNNWECRYSPKTKRSPLTRAALTEVESRLERLEQLFLLIFPRE,-9.18,1,H53A
MKLLSSIEQACDICRLKKLKCSKEKPKCAKCLKNNWECRYSPKTKRSPLTRACLTEVESRLERLEQLFLLIFPRE,-8.04,1,H53C
MKLLSSIEQACDICRLKKLKCSKEKPKCAKCLKNNWECRYSPKTKRSPLTRAELTEVESRLERLEQLFLLIFPRE,-3.75,1,H53E
MKLLSSIEQACDICRLKKLKCSKEKPKCAKCLKNNWECRYSPKTKRSPLTRADLTEVESRLERLEQLFLLIFPRE,-5.83,1,H53D
MKLLSSIEQACDICRLKKLKCSKEKPKCAKCLKNNWECRYSPKTKRSPLTRAGLTEVESRLERLEQLFLLIFPRE,-9.01,1,H53G
MKLLSSIEQACDICRLKKLKCSKEKPKCAKCLKNNWECRYSPKTKRSPLTRAFLTEVESRLERLEQLFLLIFPRE,-5.02,1,H53F
MKLLSSIEQACDICRLKKLKCSKEKPKCAKCLKNNWECRYSPKTKRSPLTRAILTEVESRLERLEQLFLLIFPRE,-8.0,1,H53I
MKLLSSIEQACDICRLKKLKCSKEKPKCAKCLKNNWECRYSPKTKRSPLTRAKLTEVESRLERLEQLFLLIFPRE,-6.96,1,H53K
MKLLSSIEQACDICRLKKLKCSKEKPKCAKCLKNNWECRYSPKTKRSPLTRAMLTEVESRLERLEQLFLLIFPRE,-8.54,1,H53M
MKLLSSIEQACDICRLKKLKCSKEKPKCAKCLKNNWECRYSPKTKRSPLTRALLTEVESRLERLEQLFLLIFPRE,-8.37,1,H53L
MKLLSSIEQACDICRLKKLKCSKEKPKCAKCLKNNWECRYSPKTKRSPLTRANLTEVESRLERLEQLFLLIFPRE,-5.38,1,H53N
MKLLSSIEQACDICRLKKLKCSKEKPKCAKCLKNNWECRYSPKTKRSPLTRAQLTEVESRLERLEQLFLLIFPRE,-3.66,1,H53Q
MKLLSSIEQACDICRLKKLKCSKEKPKCAKCLKNNWECRYSPKTKRSPLTRAPLTEVESRLERLEQLFLLIFPRE,-8.62,1,H53P
MKLLSSIEQACDICRLKKLKCSKEKPKCAKCLKNNWECRYSPKTKRSPLTRASLTEVESRLERLEQLFLLIFPRE,-5.33,1,H53S
MKLLSSIEQACDICRLKKLKCSKEKPKCAKCLKNNWECRYSPKTKRSPLTRARLTEVESRLERLEQLFLLIFPRE,-3.93,1,H53R
MKLLSSIEQACDICRLKKLKCSKEKPKCAKCLKNNWECRYSPKTKRSPLTRATLTEVESRLERLEQLFLLIFPRE,-8.87,1,H53T
MKLLSSIEQACDICRLKKLKCSKEKPKCAKCLKNNWECRYSPKTKRSPLTRAWLTEVESRLERLEQLFLLIFPRE,-2.2,1,H53W
MKLLSSIEQACDICRLKKLKCSKEKPKCAKCLKNNWECRYSPKTKRSPLTRAVLTEVESRLERLEQLFLLIFPRE,-9.09,1,H53V
MKLLSSIEQACDICRLKKLKCSKEKPKCAKCLKNNWECRYSPKTKRSPLTRAYLTEVESRLERLEQLFLLIFPRE,0.05,1,H53Y
MKLLSSIEQACDICRLKKLKCSKEKPKCAKCLKNNWECRYSPKTKRSPLTRAHATEVESRLERLEQLFLLIFPRE,-9.58,1,L54A
MKLLSSIEQACDICRLKKLKCSKEKPKCAKCLKNNWECRYSPKTKRSPLTRAHCTEVESRLERLEQLFLLIFPRE,-2.3,1,L54C
MKLLSSIEQACDICRLKKLKCSKEKPKCAKCLKNNWECRYSPKTKRSPLTRAHETEVESRLERLEQLFLLIFPRE,-2.75,1,L54E
MKLLSSIEQACDICRLKKLKCSKEKPKCAKCLKNNWECRYSPKTKRSPLTRAHDTEVESRLERLEQLFLLIFPRE,-8.8,1,L54D
MKLLSSIEQACDICRLKKLKCSKEKPKCAKCLKNNWECRYSPKTKRSPLTRAHGTEVESRLERLEQLFLLIFPRE,-9.81,1,L54G
MKLLSSIEQACDICRLKKLKCSKEKPKCAKCLKNNWECRYSPKTKRSPLTRAHFTEVESRLERLEQLFLLIFPRE,-8.18,1,L54F
MKLLSSIEQACDICRLKKLKCSKEKPKCAKCLKNNWECRYSPKTKRSPLTRAHITEVESRLERLEQLFLLIFPRE,-6.7,1,L54I
MKLLSSIEQACDICRLKKLKCSKEKPKCAKCLKNNWECRYSPKTKRSPLTRAHHTEVESRLERLEQLFLLIFPRE,-9.2,1,L54H
MKLLSSIEQACDICRLKKLKCSKEKPKCAKCLKNNWECRYSPKTKRSPLTRAHKTEVESRLERLEQLFLLIFPRE,-7.34,1,L54K
MKLLSSIEQACDICRLKKLKCSKEKPKCAKCLKNNWECRYSPKTKRSPLTRAHMTEVESRLERLEQLFLLIFPRE,0.94,1,L54M
MKLLSSIEQACDICRLKKLKCSKEKPKCAKCLKNNWECRYSPKTKRSPLTRAHNTEVESRLERLEQLFLLIFPRE,-8.82,1,L54N
MKLLSSIEQACDICRLKKLKCSKEKPKCAKCLKNNWECRYSPKTKRSPLTRAHQTEVESRLERLEQLFLLIFPRE,-8.12,1,L54Q
MKLLSSIEQACDICRLKKLKCSKEKPKCAKCLKNNWECRYSPKTKRSPLTRAHPTEVESRLERLEQLFLLIFPRE,-4.61,1,L54P
MKLLSSIEQACDICRLKKLKCSKEKPKCAKCLKNNWECRYSPKTKRSPLTRAHSTEVESRLERLEQLFLLIFPRE,-9.14,1,L54S
MKLLSSIEQACDICRLKKLKCSKEKPKCAKCLKNNWECRYSPKTKRSPLTRAHRTEVESRLERLEQLFLLIFPRE,-1.86,1,L54R
MKLLSSIEQACDICRLKKLKCSKEKPKCAKCLKNNWECRYSPKTKRSPLTRAHTTEVESRLERLEQLFLLIFPRE,-9.49,1,L54T
MKLLSSIEQACDICRLKKLKCSKEKPKCAKCLKNNWECRYSPKTKRSPLTRAHWTEVESRLERLEQLFLLIFPRE,-4.56,1,L54W
MKLLSSIEQACDICRLKKLKCSKEKPKCAKCLKNNWECRYSPKTKRSPLTRAHVTEVESRLERLEQLFLLIFPRE,-0.34,1,L54V
MKLLSSIEQACDICRLKKLKCSKEKPKCAKCLKNNWECRYSPKTKRSPLTRAHYTEVESRLERLEQLFLLIFPRE,-8.33,1,L54Y
MKLLSSIEQACDICRLKKLKCSKEKPKCAKCLKNNWECRYSPKTKRSPLTRAHLAEVESRLERLEQLFLLIFPRE,-4.97,1,T55A
MKLLSSIEQACDICRLKKLKCSKEKPKCAKCLKNNWECRYSPKTKRSPLTRAHLCEVESRLERLEQLFLLIFPRE,-3.99,1,T55C
MKLLSSIEQACDICRLKKLKCSKEKPKCAKCLKNNWECRYSPKTKRSPLTRAHLEEVESRLERLEQLFLLIFPRE,-2.94,1,T55E
MKLLSSIEQACDICRLKKLKCSKEKPKCAKCLKNNWECRYSPKTKRSPLTRAHLDEVESRLERLEQLFLLIFPRE,-3.18,1,T55D
MKLLSSIEQACDICRLKKLKCSKEKPKCAKCLKNNWECRYSPKTKRSPLTRAHLGEVESRLERLEQLFLLIFPRE,-2.7,1,T55G
MKLLSSIEQACDICRLKKLKCSKEKPKCAKCLKNNWECRYSPKTKRSPLTRAHLFEVESRLERLEQLFLLIFPRE,-6.54,1,T55F
MKLLSSIEQACDICRLKKLKCSKEKPKCAKCLKNNWECRYSPKTKRSPLTRAHLIEVESRLERLEQLFLLIFPRE,-5.51,1,T55I
MKLLSSIEQACDICRLKKLKCSKEKPKCAKCLKNNWECRYSPKTKRSPLTRAHLHEVESRLERLEQLFLLIFPRE,-6.51,1,T55H
MKLLSSIEQACDICRLKKLKCSKEKPKCAKCLKNNWECRYSPKTKRSPLTRAHLKEVESRLERLEQLFLLIFPRE,-8.03,1,T55K
MKLLSSIEQACDICRLKKLKCSKEKPKCAKCLKNNWECRYSPKTKRSPLTRAHLMEVESRLERLEQLFLLIFPRE,-2.85,1,T55M
MKLLSSIEQACDICRLKKLKCSKEKPKCAKCLKNNWECRYSPKTKRSPLTRAHLLEVESRLERLEQLFLLIFPRE,-4.11,1,T55L
MKLLSSIEQACDICRLKKLKCSKEKPKCAKCLKNNWECRYSPKTKRSPLTRAHLNEVESRLERLEQLFLLIFPRE,-2.53,1,T55N
MKLLSSIEQACDICRLKKLKCSKEKPKCAKCLKNNWECRYSPKTKRSPLTRAHLQEVESRLERLEQLFLLIFPRE,-2.44,1,T55Q
MKLLSSIEQACDICRLKKLKCSKEKPKCAKCLKNNWECRYSPKTKRSPLTRAHLPEVESRLERLEQLFLLIFPRE,-3.7,1,T55P
MKLLSSIEQACDICRLKKLKCSKEKPKCAKCLKNNWECRYSPKTKRSPLTRAHLSEVESRLERLEQLFLLIFPRE,-0.93,1,T55S
MKLLSSIEQACDICRLKKLKCSKEKPKCAKCLKNNWECRYSPKTKRSPLTRAHLREVESRLERLEQLFLLIFPRE,-8.18,1,T55R
MKLLSSIEQACDICRLKKLKCSKEKPKCAKCLKNNWECRYSPKTKRSPLTRAHLWEVESRLERLEQLFLLIFPRE,-3.71,1,T55W
MKLLSSIEQACDICRLKKLKCSKEKPKCAKCLKNNWECRYSPKTKRSPLTRAHLVEVESRLERLEQLFLLIFPRE,-6.48,1,T55V
MKLLSSIEQACDICRLKKLKCSKEKPKCAKCLKNNWECRYSPKTKRSPLTRAHLYEVESRLERLEQLFLLIFPRE,-2.73,1,T55Y
MKLLSSIEQACDICRLKKLKCSKEKPKCAKCLKNNWECRYSPKTKRSPLTRAHLTAVESRLERLEQLFLLIFPRE,0.47,1,E56A
MKLLSSIEQACDICRLKKLKCSKEKPKCAKCLKNNWECRYSPKTKRSPLTRAHLTCVESRLERLEQLFLLIFPRE,-0.11,1,E56C
MKLLSSIEQACDICRLKKLKCSKEKPKCAKCLKNNWECRYSPKTKRSPLTRAHLTDVESRLERLEQLFLLIFPRE,0.27,1,E56D
MKLLSSIEQACDICRLKKLKCSKEKPKCAKCLKNNWECRYSPKTKRSPLTRAHLTGVESRLERLEQLFLLIFPRE,-2.8,1,E56G
MKLLSSIEQACDICRLKKLKCSKEKPKCAKCLKNNWECRYSPKTKRSPLTRAHLTFVESRLERLEQLFLLIFPRE,-0.26,1,E56F
MKLLSSIEQACDICRLKKLKCSKEKPKCAKCLKNNWECRYSPKTKRSPLTRAHLTIVESRLERLEQLFLLIFPRE,-3.21,1,E56I
MKLLSSIEQACDICRLKKLKCSKEKPKCAKCLKNNWECRYSPKTKRSPLTRAHLTHVESRLERLEQLFLLIFPRE,-1.64,1,E56H
MKLLSSIEQACDICRLKKLKCSKEKPKCAKCLKNNWECRYSPKTKRSPLTRAHLTKVESRLERLEQLFLLIFPRE,-2.69,1,E56K
MKLLSSIEQACDICRLKKLKCSKEKPKCAKCLKNNWECRYSPKTKRSPLTRAHLTMVESRLERLEQLFLLIFPRE,0.22,1,E56M
MKLLSSIEQACDICRLKKLKCSKEKPKCAKCLKNNWECRYSPKTKRSPLTRAHLTLVESRLERLEQLFLLIFPRE,-1.42,1,E56L
MKLLSSIEQACDICRLKKLKCSKEKPKCAKCLKNNWECRYSPKTKRSPLTRAHLTNVESRLERLEQLFLLIFPRE,-1.02,1,E56N
MKLLSSIEQACDICRLKKLKCSKEKPKCAKCLKNNWECRYSPKTKRSPLTRAHLTQVESRLERLEQLFLLIFPRE,-0.4,1,E56Q
MKLLSSIEQACDICRLKKLKCSKEKPKCAKCLKNNWECRYSPKTKRSPLTRAHLTPVESRLERLEQLFLLIFPRE,-8.95,1,E56P
MKLLSSIEQACDICRLKKLKCSKEKPKCAKCLKNNWECRYSPKTKRSPLTRAHLTSVESRLERLEQLFLLIFPRE,-0.66,1,E56S
MKLLSSIEQACDICRLKKLKCSKEKPKCAKCLKNNWECRYSPKTKRSPLTRAHLTRVESRLERLEQLFLLIFPRE,-1.14,1,E56R
MKLLSSIEQACDICRLKKLKCSKEKPKCAKCLKNNWECRYSPKTKRSPLTRAHLTTVESRLERLEQLFLLIFPRE,-0.5,1,E56T
MKLLSSIEQACDICRLKKLKCSKEKPKCAKCLKNNWECRYSPKTKRSPLTRAHLTWVESRLERLEQLFLLIFPRE,0.26,1,E56W
MKLLSSIEQACDICRLKKLKCSKEKPKCAKCLKNNWECRYSPKTKRSPLTRAHLTVVESRLERLEQLFLLIFPRE,-2.76,1,E56V
MKLLSSIEQACDICRLKKLKCSKEKPKCAKCLKNNWECRYSPKTKRSPLTRAHLTYVESRLERLEQLFLLIFPRE,0.29,1,E56Y
MKLLSSIEQACDICRLKKLKCSKEKPKCAKCLKNNWECRYSPKTKRSPLTRAHLTEAESRLERLEQLFLLIFPRE,-10.03,1,V57A
MKLLSSIEQACDICRLKKLKCSKEKPKCAKCLKNNWECRYSPKTKRSPLTRAHLTECESRLERLEQLFLLIFPRE,-0.17,1,V57C
MKLLSSIEQACDICRLKKLKCSKEKPKCAKCLKNNWECRYSPKTKRSPLTRAHLTEEESRLERLEQLFLLIFPRE,-9.13,1,V57E
MKLLSSIEQACDICRLKKLKCSKEKPKCAKCLKNNWECRYSPKTKRSPLTRAHLTEDESRLERLEQLFLLIFPRE,-3.24,1,V57D
MKLLSSIEQACDICRLKKLKCSKEKPKCAKCLKNNWECRYSPKTKRSPLTRAHLTEGESRLERLEQLFLLIFPRE,-9.74,1,V57G
MKLLSSIEQACDICRLKKLKCSKEKPKCAKCLKNNWECRYSPKTKRSPLTRAHLTEFESRLERLEQLFLLIFPRE,-8.84,1,V57F
MKLLSSIEQACDICRLKKLKCSKEKPKCAKCLKNNWECRYSPKTKRSPLTRAHLTEIESRLERLEQLFLLIFPRE,-5.42,1,V57I
MKLLSSIEQACDICRLKKLKCSKEKPKCAKCLKNNWECRYSPKTKRSPLTRAHLTEHESRLERLEQLFLLIFPRE,-3.39,1,V57H
MKLLSSIEQACDICRLKKLKCSKEKPKCAKCLKNNWECRYSPKTKRSPLTRAHLTEKESRLERLEQLFLLIFPRE,-7.8,1,V57K
MKLLSSIEQACDICRLKKLKCSKEKPKCAKCLKNNWECRYSPKTKRSPLTRAHLTEMESRLERLEQLFLLIFPRE,-4.63,1,V57M
MKLLSSIEQACDICRLKKLKCSKEKPKCAKCLKNNWECRYSPKTKRSPLTRAHLTELESRLERLEQLFLLIFPRE,-2.23,1,V57L
MKLLSSIEQACDICRLKKLKCSKEKPKCAKCLKNNWECRYSPKTKRSPLTRAHLTENESRLERLEQLFLLIFPRE,-10.97,1,V57N
MKLLSSIEQACDICRLKKLKCSKEKPKCAKCLKNNWECRYSPKTKRSPLTRAHLTEPESRLERLEQLFLLIFPRE,-8.77,1,V57P
MKLLSSIEQACDICRLKKLKCSKEKPKCAKCLKNNWECRYSPKTKRSPLTRAHLTESESRLERLEQLFLLIFPRE,-9.53,1,V57S
MKLLSSIEQACDICRLKKLKCSKEKPKCAKCLKNNWECRYSPKTKRSPLTRAHLTERESRLERLEQLFLLIFPRE,-11.48,1,V57R
MKLLSSIEQACDICRLKKLKCSKEKPKCAKCLKNNWECRYSPKTKRSPLTRAHLTETESRLERLEQLFLLIFPRE,-4.65,1,V57T
MKLLSSIEQACDICRLKKLKCSKEKPKCAKCLKNNWECRYSPKTKRSPLTRAHLTEWESRLERLEQLFLLIFPRE,-9.45,1,V57W
MKLLSSIEQACDICRLKKLKCSKEKPKCAKCLKNNWECRYSPKTKRSPLTRAHLTEYESRLERLEQLFLLIFPRE,-3.47,1,V57Y
MKLLSSIEQACDICRLKKLKCSKEKPKCAKCLKNNWECRYSPKTKRSPLTRAHLTEVASRLERLEQLFLLIFPRE,-8.45,1,E58A
MKLLSSIEQACDICRLKKLKCSKEKPKCAKCLKNNWECRYSPKTKRSPLTRAHLTEVCSRLERLEQLFLLIFPRE,-5.85,1,E58C
MKLLSSIEQACDICRLKKLKCSKEKPKCAKCLKNNWECRYSPKTKRSPLTRAHLTEVDSRLERLEQLFLLIFPRE,-3.11,1,E58D
MKLLSSIEQACDICRLKKLKCSKEKPKCAKCLKNNWECRYSPKTKRSPLTRAHLTEVGSRLERLEQLFLLIFPRE,-8.92,1,E58G
MKLLSSIEQACDICRLKKLKCSKEKPKCAKCLKNNWECRYSPKTKRSPLTRAHLTEVFSRLERLEQLFLLIFPRE,-5.11,1,E58F
MKLLSSIEQACDICRLKKLKCSKEKPKCAKCLKNNWECRYSPKTKRSPLTRAHLTEVISRLERLEQLFLLIFPRE,-8.79,1,E58I
MKLLSSIEQACDICRLKKLKCSKEKPKCAKCLKNNWECRYSPKTKRSPLTRAHLTEVHSRLERLEQLFLLIFPRE,-4.57,1,E58H
MKLLSSIEQACDICRLKKLKCSKEKPKCAKCLKNNWECRYSPKTKRSPLTRAHLTEVKSRLERLEQLFLLIFPRE,-8.47,1,E58K
MKLLSSIEQACDICRLKKLKCSKEKPKCAKCLKNNWECRYSPKTKRSPLTRAHLTEVMSRLERLEQLFLLIFPRE,-9.37,1,E58M
MKLLSSIEQACDICRLKKLKCSKEKPKCAKCLKNNWECRYSPKTKRSPLTRAHLTEVLSRLERLEQLFLLIFPRE,-8.77,1,E58L
MKLLSSIEQACDICRLKKLKCSKEKPKCAKCLKNNWECRYSPKTKRSPLTRAHLTEVNSRLERLEQLFLLIFPRE,-10.34,1,E58N
MKLLSSIEQACDICRLKKLKCSKEKPKCAKCLKNNWECRYSPKTKRSPLTRAHLTEVQSRLERLEQLFLLIFPRE,-7.35,1,E58Q
MKLLSSIEQACDICRLKKLKCSKEKPKCAKCLKNNWECRYSPKTKRSPLTRAHLTEVPSRLERLEQLFLLIFPRE,-4.31,1,E58P
MKLLSSIEQACDICRLKKLKCSKEKPKCAKCLKNNWECRYSPKTKRSPLTRAHLTEVSSRLERLEQLFLLIFPRE,-4.63,1,E58S
MKLLSSIEQACDICRLKKLKCSKEKPKCAKCLKNNWECRYSPKTKRSPLTRAHLTEVRSRLERLEQLFLLIFPRE,-1.98,1,E58R
MKLLSSIEQACDICRLKKLKCSKEKPKCAKCLKNNWECRYSPKTKRSPLTRAHLTEVTSRLERLEQLFLLIFPRE,-8.13,1,E58T
MKLLSSIEQACDICRLKKLKCSKEKPKCAKCLKNNWECRYSPKTKRSPLTRAHLTEVWSRLERLEQLFLLIFPRE,-4.43,1,E58W
MKLLSSIEQACDICRLKKLKCSKEKPKCAKCLKNNWECRYSPKTKRSPLTRAHLTEVVSRLERLEQLFLLIFPRE,-4.51,1,E58V
MKLLSSIEQACDICRLKKLKCSKEKPKCAKCLKNNWECRYSPKTKRSPLTRAHLTEVYSRLERLEQLFLLIFPRE,-5.58,1,E58Y
MKLLSSIEQACDICRLKKLKCSKEKPKCAKCLKNNWECRYSPKTKRSPLTRAHLTEVECRLERLEQLFLLIFPRE,1.61,1,S59C
MKLLSSIEQACDICRLKKLKCSKEKPKCAKCLKNNWECRYSPKTKRSPLTRAHLTEVEERLERLEQLFLLIFPRE,0.93,1,S59E
MKLLSSIEQACDICRLKKLKCSKEKPKCAKCLKNNWECRYSPKTKRSPLTRAHLTEVEDRLERLEQLFLLIFPRE,-0.89,1,S59D
MKLLSSIEQACDICRLKKLKCSKEKPKCAKCLKNNWECRYSPKTKRSPLTRAHLTEVEGRLERLEQLFLLIFPRE,0.59,1,S59G
MKLLSSIEQACDICRLKKLKCSKEKPKCAKCLKNNWECRYSPKTKRSPLTRAHLTEVEFRLERLEQLFLLIFPRE,0.25,1,S59F
MKLLSSIEQACDICRLKKLKCSKEKPKCAKCLKNNWECRYSPKTKRSPLTRAHLTEVEIRLERLEQLFLLIFPRE,0.81,1,S59I
MKLLSSIEQACDICRLKKLKCSKEKPKCAKCLKNNWECRYSPKTKRSPLTRAHLTEVEHRLERLEQLFLLIFPRE,0.82,1,S59H
MKLLSSIEQACDICRLKKLKCSKEKPKCAKCLKNNWECRYSPKTKRSPLTRAHLTEVEKRLERLEQLFLLIFPRE,-0.12,1,S59K
MKLLSSIEQACDICRLKKLKCSKEKPKCAKCLKNNWECRYSPKTKRSPLTRAHLTEVEMRLERLEQLFLLIFPRE,0.35,1,S59M
MKLLSSIEQACDICRLKKLKCSKEKPKCAKCLKNNWECRYSPKTKRSPLTRAHLTEVELRLERLEQLFLLIFPRE,0.01,1,S59L
MKLLSSIEQACDICRLKKLKCSKEKPKCAKCLKNNWECRYSPKTKRSPLTRAHLTEVENRLERLEQLFLLIFPRE,0.0,1,S59N
MKLLSSIEQACDICRLKKLKCSKEKPKCAKCLKNNWECRYSPKTKRSPLTRAHLTEVEQRLERLEQLFLLIFPRE,1.44,1,S59Q
MKLLSSIEQACDICRLKKLKCSKEKPKCAKCLKNNWECRYSPKTKRSPLTRAHLTEVEPRLERLEQLFLLIFPRE,-8.36,1,S59P
MKLLSSIEQACDICRLKKLKCSKEKPKCAKCLKNNWECRYSPKTKRSPLTRAHLTEVERRLERLEQLFLLIFPRE,-1.4,1,S59R
MKLLSSIEQACDICRLKKLKCSKEKPKCAKCLKNNWECRYSPKTKRSPLTRAHLTEVETRLERLEQLFLLIFPRE,-0.5,1,S59T
MKLLSSIEQACDICRLKKLKCSKEKPKCAKCLKNNWECRYSPKTKRSPLTRAHLTEVEWRLERLEQLFLLIFPRE,0.0,1,S59W
MKLLSSIEQACDICRLKKLKCSKEKPKCAKCLKNNWECRYSPKTKRSPLTRAHLTEVEVRLERLEQLFLLIFPRE,0.04,1,S59V
MKLLSSIEQACDICRLKKLKCSKEKPKCAKCLKNNWECRYSPKTKRSPLTRAHLTEVEYRLERLEQLFLLIFPRE,0.05,1,S59Y
MKLLSSIEQACDICRLKKLKCSKEKPKCAKCLKNNWECRYSPKTKRSPLTRAHLTEVESALERLEQLFLLIFPRE,-1.59,1,R60A
MKLLSSIEQACDICRLKKLKCSKEKPKCAKCLKNNWECRYSPKTKRSPLTRAHLTEVESCLERLEQLFLLIFPRE,-8.52,1,R60C
MKLLSSIEQACDICRLKKLKCSKEKPKCAKCLKNNWECRYSPKTKRSPLTRAHLTEVESELERLEQLFLLIFPRE,-8.68,1,R60E
MKLLSSIEQACDICRLKKLKCSKEKPKCAKCLKNNWECRYSPKTKRSPLTRAHLTEVESDLERLEQLFLLIFPRE,-9.82,1,R60D
MKLLSSIEQACDICRLKKLKCSKEKPKCAKCLKNNWECRYSPKTKRSPLTRAHLTEVESGLERLEQLFLLIFPRE,-6.2,1,R60G
MKLLSSIEQACDICRLKKLKCSKEKPKCAKCLKNNWECRYSPKTKRSPLTRAHLTEVESFLERLEQLFLLIFPRE,-8.52,1,R60F
MKLLSSIEQACDICRLKKLKCSKEKPKCAKCLKNNWECRYSPKTKRSPLTRAHLTEVESILERLEQLFLLIFPRE,-9.14,1,R60I
MKLLSSIEQACDICRLKKLKCSKEKPKCAKCLKNNWECRYSPKTKRSPLTRAHLTEVESHLERLEQLFLLIFPRE,-6.52,1,R60H
MKLLSSIEQACDICRLKKLKCSKEKPKCAKCLKNNWECRYSPKTKRSPLTRAHLTEVESKLERLEQLFLLIFPRE,-0.95,1,R60K
MKLLSSIEQACDICRLKKLKCSKEKPKCAKCLKNNWECRYSPKTKRSPLTRAHLTEVESMLERLEQLFLLIFPRE,-4.46,1,R60M
MKLLSSIEQACDICRLKKLKCSKEKPKCAKCLKNNWECRYSPKTKRSPLTRAHLTEVESLLERLEQLFLLIFPRE,-4.96,1,R60L
MKLLSSIEQACDICRLKKLKCSKEKPKCAKCLKNNWECRYSPKTKRSPLTRAHLTEVESNLERLEQLFLLIFPRE,-5.93,1,R60N
MKLLSSIEQACDICRLKKLKCSKEKPKCAKCLKNNWECRYSPKTKRSPLTRAHLTEVESQLERLEQLFLLIFPRE,-1.32,1,R60Q
MKLLSSIEQACDICRLKKLKCSKEKPKCAKCLKNNWECRYSPKTKRSPLTRAHLTEVESPLERLEQLFLLIFPRE,-8.34,1,R60P
MKLLSSIEQACDICRLKKLKCSKEKPKCAKCLKNNWECRYSPKTKRSPLTRAHLTEVESSLERLEQLFLLIFPRE,-6.01,1,R60S
MKLLSSIEQACDICRLKKLKCSKEKPKCAKCLKNNWECRYSPKTKRSPLTRAHLTEVESTLERLEQLFLLIFPRE,-7.64,1,R60T
MKLLSSIEQACDICRLKKLKCSKEKPKCAKCLKNNWECRYSPKTKRSPLTRAHLTEVESWLERLEQLFLLIFPRE,-8.85,1,R60W
MKLLSSIEQACDICRLKKLKCSKEKPKCAKCLKNNWECRYSPKTKRSPLTRAHLTEVESVLERLEQLFLLIFPRE,-9.19,1,R60V
MKLLSSIEQACDICRLKKLKCSKEKPKCAKCLKNNWECRYSPKTKRSPLTRAHLTEVESYLERLEQLFLLIFPRE,-8.64,1,R60Y
MKLLSSIEQACDICRLKKLKCSKEKPKCAKCLKNNWECRYSPKTKRSPLTRAHLTEVESRAERLEQLFLLIFPRE,-0.28,1,L61A
MKLLSSIEQACDICRLKKLKCSKEKPKCAKCLKNNWECRYSPKTKRSPLTRAHLTEVESRCERLEQLFLLIFPRE,0.21,1,L61C
MKLLSSIEQACDICRLKKLKCSKEKPKCAKCLKNNWECRYSPKTKRSPLTRAHLTEVESREERLEQLFLLIFPRE,-9.72,1,L61E
MKLLSSIEQACDICRLKKLKCSKEKPKCAKCLKNNWECRYSPKTKRSPLTRAHLTEVESRDERLEQLFLLIFPRE,-9.4,1,L61D
MKLLSSIEQACDICRLKKLKCSKEKPKCAKCLKNNWECRYSPKTKRSPLTRAHLTEVESRGERLEQLFLLIFPRE,-6.31,1,L61G
MKLLSSIEQACDICRLKKLKCSKEKPKCAKCLKNNWECRYSPKTKRSPLTRAHLTEVESRFERLEQLFLLIFPRE,-5.52,1,L61F
MKLLSSIEQACDICRLKKLKCSKEKPKCAKCLKNNWECRYSPKTKRSPLTRAHLTEVESRIERLEQLFLLIFPRE,-3.84,1,L61I
MKLLSSIEQACDICRLKKLKCSKEKPKCAKCLKNNWECRYSPKTKRSPLTRAHLTEVESRHERLEQLFLLIFPRE,-5.89,1,L61H
MKLLSSIEQACDICRLKKLKCSKEKPKCAKCLKNNWECRYSPKTKRSPLTRAHLTEVESRKERLEQLFLLIFPRE,-1.86,1,L61K
MKLLSSIEQACDICRLKKLKCSKEKPKCAKCLKNNWECRYSPKTKRSPLTRAHLTEVESRMERLEQLFLLIFPRE,-0.52,1,L61M
MKLLSSIEQACDICRLKKLKCSKEKPKCAKCLKNNWECRYSPKTKRSPLTRAHLTEVESRNERLEQLFLLIFPRE,-7.32,1,L61N
MKLLSSIEQACDICRLKKLKCSKEKPKCAKCLKNNWECRYSPKTKRSPLTRAHLTEVESRQERLEQLFLLIFPRE,-8.33,1,L61Q
MKLLSSIEQACDICRLKKLKCSKEKPKCAKCLKNNWECRYSPKTKRSPLTRAHLTEVESRPERLEQLFLLIFPRE,-7.54,1,L61P
MKLLSSIEQACDICRLKKLKCSKEKPKCAKCLKNNWECRYSPKTKRSPLTRAHLTEVESRSERLEQLFLLIFPRE,-3.83,1,L61S
MKLLSSIEQACDICRLKKLKCSKEKPKCAKCLKNNWECRYSPKTKRSPLTRAHLTEVESRRERLEQLFLLIFPRE,-10.27,1,L61R
MKLLSSIEQACDICRLKKLKCSKEKPKCAKCLKNNWECRYSPKTKRSPLTRAHLTEVESRTERLEQLFLLIFPRE,-8.74,1,L61T
MKLLSSIEQACDICRLKKLKCSKEKPKCAKCLKNNWECRYSPKTKRSPLTRAHLTEVESRWERLEQLFLLIFPRE,-8.98,1,L61W
MKLLSSIEQACDICRLKKLKCSKEKPKCAKCLKNNWECRYSPKTKRSPLTRAHLTEVESRVERLEQLFLLIFPRE,0.99,1,L61V
MKLLSSIEQACDICRLKKLKCSKEKPKCAKCLKNNWECRYSPKTKRSPLTRAHLTEVESRYERLEQLFLLIFPRE,-2.66,1,L61Y
MKLLSSIEQACDICRLKKLKCSKEKPKCAKCLKNNWECRYSPKTKRSPLTRAHLTEVESRLARLEQLFLLIFPRE,0.27,1,E62A
MKLLSSIEQACDICRLKKLKCSKEKPKCAKCLKNNWECRYSPKTKRSPLTRAHLTEVESRLCRLEQLFLLIFPRE,-0.18,1,E62C
MKLLSSIEQACDICRLKKLKCSKEKPKCAKCLKNNWECRYSPKTKRSPLTRAHLTEVESRLDRLEQLFLLIFPRE,0.1,1,E62D
MKLLSSIEQACDICRLKKLKCSKEKPKCAKCLKNNWECRYSPKTKRSPLTRAHLTEVESRLGRLEQLFLLIFPRE,0.05,1,E62G
MKLLSSIEQACDICRLKKLKCSKEKPKCAKCLKNNWECRYSPKTKRSPLTRAHLTEVESRLFRLEQLFLLIFPRE,0.08,1,E62F
MKLLSSIEQACDICRLKKLKCSKEKPKCAKCLKNNWECRYSPKTKRSPLTRAHLTEVESRLIRLEQLFLLIFPRE,-1.76,1,E62I
MKLLSSIEQACDICRLKKLKCSKEKPKCAKCLKNNWECRYSPKTKRSPLTRAHLTEVESRLHRLEQLFLLIFPRE,0.43,1,E62H
MKLLSSIEQACDICRLKKLKCSKEKPKCAKCLKNNWECRYSPKTKRSPLTRAHLTEVESRLKRLEQLFLLIFPRE,-1.59,1,E62K
MKLLSSIEQACDICRLKKLKCSKEKPKCAKCLKNNWECRYSPKTKRSPLTRAHLTEVESRLMRLEQLFLLIFPRE,0.25,1,E62M
MKLLSSIEQACDICRLKKLKCSKEKPKCAKCLKNNWECRYSPKTKRSPLTRAHLTEVESRLLRLEQLFLLIFPRE,0.72,1,E62L
MKLLSSIEQACDICRLKKLKCSKEKPKCAKCLKNNWECRYSPKTKRSPLTRAHLTEVESRLNRLEQLFLLIFPRE,-1.52,1,E62N
MKLLSSIEQACDICRLKKLKCSKEKPKCAKCLKNNWECRYSPKTKRSPLTRAHLTEVESRLQRLEQLFLLIFPRE,-0.03,1,E62Q
MKLLSSIEQACDICRLKKLKCSKEKPKCAKCLKNNWECRYSPKTKRSPLTRAHLTEVESRLPRLEQLFLLIFPRE,-9.09,1,E62P
MKLLSSIEQACDICRLKKLKCSKEKPKCAKCLKNNWECRYSPKTKRSPLTRAHLTEVESRLSRLEQLFLLIFPRE,-0.71,1,E62S
MKLLSSIEQACDICRLKKLKCSKEKPKCAKCLKNNWECRYSPKTKRSPLTRAHLTEVESRLRRLEQLFLLIFPRE,-0.52,1,E62R
MKLLSSIEQACDICRLKKLKCSKEKPKCAKCLKNNWECRYSPKTKRSPLTRAHLTEVESRLTRLEQLFLLIFPRE,0.36,1,E62T
MKLLSSIEQACDICRLKKLKCSKEKPKCAKCLKNNWECRYSPKTKRSPLTRAHLTEVESRLWRLEQLFLLIFPRE,0.1,1,E62W
MKLLSSIEQACDICRLKKLKCSKEKPKCAKCLKNNWECRYSPKTKRSPLTRAHLTEVESRLVRLEQLFLLIFPRE,1.08,1,E62V
MKLLSSIEQACDICRLKKLKCSKEKPKCAKCLKNNWECRYSPKTKRSPLTRAHLTEVESRLYRLEQLFLLIFPRE,-0.31,1,E62Y
MKLLSSIEQACDICRLKKLKCSKEKPKCAKCLKNNWECRYSPKTKRSPLTRAHLTEVESRLEALEQLFLLIFPRE,0.44,1,R63A
MKLLSSIEQACDICRLKKLKCSKEKPKCAKCLKNNWECRYSPKTKRSPLTRAHLTEVESRLECLEQLFLLIFPRE,-2.41,1,R63C
MKLLSSIEQACDICRLKKLKCSKEKPKCAKCLKNNWECRYSPKTKRSPLTRAHLTEVESRLEELEQLFLLIFPRE,-7.95,1,R63E
MKLLSSIEQACDICRLKKLKCSKEKPKCAKCLKNNWECRYSPKTKRSPLTRAHLTEVESRLEDLEQLFLLIFPRE,-9.76,1,R63D
MKLLSSIEQACDICRLKKLKCSKEKPKCAKCLKNNWECRYSPKTKRSPLTRAHLTEVESRLEGLEQLFLLIFPRE,-4.96,1,R63G
MKLLSSIEQACDICRLKKLKCSKEKPKCAKCLKNNWECRYSPKTKRSPLTRAHLTEVESRLEFLEQLFLLIFPRE,-0.61,1,R63F
MKLLSSIEQACDICRLKKLKCSKEKPKCAKCLKNNWECRYSPKTKRSPLTRAHLTEVESRLEILEQLFLLIFPRE,0.27,1,R63I
MKLLSSIEQACDICRLKKLKCSKEKPKCAKCLKNNWECRYSPKTKRSPLTRAHLTEVESRLEHLEQLFLLIFPRE,-4.39,1,R63H
MKLLSSIEQACDICRLKKLKCSKEKPKCAKCLKNNWECRYSPKTKRSPLTRAHLTEVESRLEKLEQLFLLIFPRE,-1.08,1,R63K
MKLLSSIEQACDICRLKKLKCSKEKPKCAKCLKNNWECRYSPKTKRSPLTRAHLTEVESRLEMLEQLFLLIFPRE,-0.48,1,R63M
MKLLSSIEQACDICRLKKLKCSKEKPKCAKCLKNNWECRYSPKTKRSPLTRAHLTEVESRLELLEQLFLLIFPRE,-0.41,1,R63L
MKLLSSIEQACDICRLKKLKCSKEKPKCAKCLKNNWECRYSPKTKRSPLTRAHLTEVESRLENLEQLFLLIFPRE,-5.69,1,R63N
MKLLSSIEQACDICRLKKLKCSKEKPKCAKCLKNNWECRYSPKTKRSPLTRAHLTEVESRLEQLEQLFLLIFPRE,-1.0,1,R63Q
MKLLSSIEQACDICRLKKLKCSKEKPKCAKCLKNNWECRYSPKTKRSPLTRAHLTEVESRLEPLEQLFLLIFPRE,-2.97,1,R63P
MKLLSSIEQACDICRLKKLKCSKEKPKCAKCLKNNWECRYSPKTKRSPLTRAHLTEVESRLESLEQLFLLIFPRE,-2.92,1,R63S
MKLLSSIEQACDICRLKKLKCSKEKPKCAKCLKNNWECRYSPKTKRSPLTRAHLTEVESRLETLEQLFLLIFPRE,-0.97,1,R63T
MKLLSSIEQACDICRLKKLKCSKEKPKCAKCLKNNWECRYSPKTKRSPLTRAHLTEVESRLEWLEQLFLLIFPRE,-7.17,1,R63W
MKLLSSIEQACDICRLKKLKCSKEKPKCAKCLKNNWECRYSPKTKRSPLTRAHLTEVESRLEVLEQLFLLIFPRE,-0.03,1,R63V
MKLLSSIEQACDICRLKKLKCSKEKPKCAKCLKNNWECRYSPKTKRSPLTRAHLTEVESRLEYLEQLFLLIFPRE,-8.04,1,R63Y
MKLLSSIEQACDICRLKKLKCSKEKPKCAKCLKNNWECRYSPKTKRSPLTRAHLTEVESRLERAEQLFLLIFPRE,-7.16,1,L64A
MKLLSSIEQACDICRLKKLKCSKEKPKCAKCLKNNWECRYSPKTKRSPLTRAHLTEVESRLERCEQLFLLIFPRE,-4.39,1,L64C
MKLLSSIEQACDICRLKKLKCSKEKPKCAKCLKNNWECRYSPKTKRSPLTRAHLTEVESRLEREEQLFLLIFPRE,-7.12,1,L64E
MKLLSSIEQACDICRLKKLKCSKEKPKCAKCLKNNWECRYSPKTKRSPLTRAHLTEVESRLERDEQLFLLIFPRE,-8.19,1,L64D
MKLLSSIEQACDICRLKKLKCSKEKPKCAKCLKNNWECRYSPKTKRSPLTRAHLTEVESRLERFEQLFLLIFPRE,-0.58,1,L64F
MKLLSSIEQACDICRLKKLKCSKEKPKCAKCLKNNWECRYSPKTKRSPLTRAHLTEVESRLERIEQLFLLIFPRE,0.7,1,L64I
MKLLSSIEQACDICRLKKLKCSKEKPKCAKCLKNNWECRYSPKTKRSPLTRAHLTEVESRLERHEQLFLLIFPRE,-8.33,1,L64H
MKLLSSIEQACDICRLKKLKCSKEKPKCAKCLKNNWECRYSPKTKRSPLTRAHLTEVESRLERKEQLFLLIFPRE,-8.87,1,L64K
MKLLSSIEQACDICRLKKLKCSKEKPKCAKCLKNNWECRYSPKTKRSPLTRAHLTEVESRLERMEQLFLLIFPRE,-0.06,1,L64M
MKLLSSIEQACDICRLKKLKCSKEKPKCAKCLKNNWECRYSPKTKRSPLTRAHLTEVESRLERNEQLFLLIFPRE,-10.61,1,L64N
MKLLSSIEQACDICRLKKLKCSKEKPKCAKCLKNNWECRYSPKTKRSPLTRAHLTEVESRLERQEQLFLLIFPRE,-7.49,1,L64Q
MKLLSSIEQACDICRLKKLKCSKEKPKCAKCLKNNWECRYSPKTKRSPLTRAHLTEVESRLERPEQLFLLIFPRE,-9.39,1,L64P
MKLLSSIEQACDICRLKKLKCSKEKPKCAKCLKNNWECRYSPKTKRSPLTRAHLTEVESRLERSEQLFLLIFPRE,-8.51,1,L64S
MKLLSSIEQACDICRLKKLKCSKEKPKCAKCLKNNWECRYSPKTKRSPLTRAHLTEVESRLERREQLFLLIFPRE,-3.01,1,L64R
MKLLSSIEQACDICRLKKLKCSKEKPKCAKCLKNNWECRYSPKTKRSPLTRAHLTEVESRLERTEQLFLLIFPRE,-9.17,1,L64T
MKLLSSIEQACDICRLKKLKCSKEKPKCAKCLKNNWECRYSPKTKRSPLTRAHLTEVESRLERWEQLFLLIFPRE,-10.0,1,L64W
MKLLSSIEQACDICRLKKLKCSKEKPKCAKCLKNNWECRYSPKTKRSPLTRAHLTEVESRLERVEQLFLLIFPRE,-8.92,1,L64V
MKLLSSIEQACDICRLKKLKCSKEKPKCAKCLKNNWECRYSPKTKRSPLTRAHLTEVESRLERYEQLFLLIFPRE,-8.35,1,L64Y
MKLLSSIEQACDICRLKKLKCSKEKPKCAKCLKNNWECRYSPKTKRSPLTRAHLTEVESRLERLAQLFLLIFPRE,-7.95,1,E65A
MKLLSSIEQACDICRLKKLKCSKEKPKCAKCLKNNWECRYSPKTKRSPLTRAHLTEVESRLERLCQLFLLIFPRE,-2.78,1,E65C
MKLLSSIEQACDICRLKKLKCSKEKPKCAKCLKNNWECRYSPKTKRSPLTRAHLTEVESRLERLDQLFLLIFPRE,-2.68,1,E65D
MKLLSSIEQACDICRLKKLKCSKEKPKCAKCLKNNWECRYSPKTKRSPLTRAHLTEVESRLERLGQLFLLIFPRE,-4.97,1,E65G
MKLLSSIEQACDICRLKKLKCSKEKPKCAKCLKNNWECRYSPKTKRSPLTRAHLTEVESRLERLFQLFLLIFPRE,-9.3,1,E65F
MKLLSSIEQACDICRLKKLKCSKEKPKCAKCLKNNWECRYSPKTKRSPLTRAHLTEVESRLERLIQLFLLIFPRE,-3.01,1,E65I
MKLLSSIEQACDICRLKKLKCSKEKPKCAKCLKNNWECRYSPKTKRSPLTRAHLTEVESRLERLHQLFLLIFPRE,-2.01,1,E65H
MKLLSSIEQACDICRLKKLKCSKEKPKCAKCLKNNWECRYSPKTKRSPLTRAHLTEVESRLERLKQLFLLIFPRE,-4.37,1,E65K
MKLLSSIEQACDICRLKKLKCSKEKPKCAKCLKNNWECRYSPKTKRSPLTRAHLTEVESRLERLMQLFLLIFPRE,0.86,1,E65M
MKLLSSIEQACDICRLKKLKCSKEKPKCAKCLKNNWECRYSPKTKRSPLTRAHLTEVESRLERLLQLFLLIFPRE,-4.85,1,E65L
MKLLSSIEQACDICRLKKLKCSKEKPKCAKCLKNNWECRYSPKTKRSPLTRAHLTEVESRLERLNQLFLLIFPRE,-8.69,1,E65N
MKLLSSIEQACDICRLKKLKCSKEKPKCAKCLKNNWECRYSPKTKRSPLTRAHLTEVESRLERLQQLFLLIFPRE,0.57,1,E65Q
MKLLSSIEQACDICRLKKLKCSKEKPKCAKCLKNNWECRYSPKTKRSPLTRAHLTEVESRLERLPQLFLLIFPRE,-4.02,1,E65P
MKLLSSIEQACDICRLKKLKCSKEKPKCAKCLKNNWECRYSPKTKRSPLTRAHLTEVESRLERLSQLFLLIFPRE,-0.87,1,E65S
MKLLSSIEQACDICRLKKLKCSKEKPKCAKCLKNNWECRYSPKTKRSPLTRAHLTEVESRLERLRQLFLLIFPRE,-3.22,1,E65R
MKLLSSIEQACDICRLKKLKCSKEKPKCAKCLKNNWECRYSPKTKRSPLTRAHLTEVESRLERLTQLFLLIFPRE,0.46,1,E65T
MKLLSSIEQACDICRLKKLKCSKEKPKCAKCLKNNWECRYSPKTKRSPLTRAHLTEVESRLERLWQLFLLIFPRE,-5.24,1,E65W
MKLLSSIEQACDICRLKKLKCSKEKPKCAKCLKNNWECRYSPKTKRSPLTRAHLTEVESRLERLVQLFLLIFPRE,-1.95,1,E65V
MKLLSSIEQACDICRLKKLKCSKEKPKCAKCLKNNWECRYSPKTKRSPLTRAHLTEVESRLERLYQLFLLIFPRE,-0.93,1,E65Y
